{
  "properties": {
    "connectionReferences": {
      "shared_sharepointonline_1": {
        "runtimeSource": "embedded",
        "connection": {
          "connectionReferenceLogicalName": "new_sharedsharepointonline_7d00c"
        },
        "api": {
          "name": "shared_sharepointonline"
        }
      },
      "shared_sharepointonline": {
        "runtimeSource": "embedded",
        "connection": {
          "connectionReferenceLogicalName": "new_sharedsharepointonline_fc2d6"
        },
        "api": {
          "name": "shared_sharepointonline"
        }
      }
    },
    "definition": {
      "$schema": "https://schema.management.azure.com/providers/Microsoft.Logic/schemas/2016-06-01/workflowdefinition.json#",
      "contentVersion": "1.0.0.0",
      "parameters": {
        "$connections": {
          "defaultValue": {},
          "type": "Object"
        },
        "$authentication": {
          "defaultValue": {},
          "type": "SecureObject"
        },
        "SharePointSite (new_SharePointSite)": {
          "defaultValue": "https://contoso.sharepoint.com/teams/ClinicalEducation",
          "type": "String",
          "metadata": {
            "schemaName": "new_SharePointSite"
          }
        },
        "Skill Assignment (new_shared_sharepointonline_488b5b1c6f9843d3b54f1ce1d69dd914)": {
          "defaultValue": "760211c2-07ae-46f3-a80f-0608441c3ece",
          "type": "String",
          "metadata": {
            "schemaName": "new_shared_sharepointonline_488b5b1c6f9843d3b54f1ce1d69dd914"
          }
        },
        "Skills List (new_shared_sharepointonline_bc0be50e7ae243558447ceccf012ec7a)": {
          "defaultValue": "8ef9c342-2e18-41f7-8e72-a7b34193fe78",
          "type": "String",
          "metadata": {
            "schemaName": "new_shared_sharepointonline_bc0be50e7ae243558447ceccf012ec7a"
          }
        },
        "Students (new_shared_sharepointonline_48762fa76cd0405d86225b4657068bf3)": {
          "defaultValue": "ef7cb50c-ca43-4570-8589-f6a4acbf4a1c",
          "type": "String",
          "metadata": {
            "schemaName": "new_shared_sharepointonline_48762fa76cd0405d86225b4657068bf3"
          }
        }
      },
      "triggers": {
        "Student_Added": {
          "recurrence": {
            "interval": 1,
            "frequency": "Minute"
          },
          "splitOn": "@triggerOutputs()?['body/value']",
          "metadata": {
            "operationMetadataId": "b794b37c-7ce7-4cfe-a676-b85c84fc1075"
          },
          "type": "OpenApiConnection",
          "inputs": {
            "host": {
              "connectionName": "shared_sharepointonline_1",
              "operationId": "GetOnNewItems",
              "apiId": "/providers/Microsoft.PowerApps/apis/shared_sharepointonline"
            },
            "parameters": {
              "dataset": "@parameters('SharePointSite (new_SharePointSite)')",
              "table": "@parameters('Students (new_shared_sharepointonline_48762fa76cd0405d86225b4657068bf3)')"
            },
            "authentication": "@parameters('$authentication')"
          }
        }
      },
      "actions": {
        "Get_Skills": {
          "runAfter": {},
          "metadata": {
            "operationMetadataId": "7673fcdf-3156-4841-8e33-173918a74554"
          },
          "type": "OpenApiConnection",
          "inputs": {
            "host": {
              "connectionName": "shared_sharepointonline_1",
              "operationId": "GetItems",
              "apiId": "/providers/Microsoft.PowerApps/apis/shared_sharepointonline"
            },
            "parameters": {
              "dataset": "@parameters('SharePointSite (new_SharePointSite)')",
              "table": "@parameters('Skills List (new_shared_sharepointonline_bc0be50e7ae243558447ceccf012ec7a)')",
              "viewScopeOption": "Default",
              "$filter": "(AssessmentType eq @{triggerOutputs()?['body/AssessmentType/Id']})",
              "$top": 1000
            },
            "authentication": "@parameters('$authentication')"
          }
        },
        "For_Each_Item_in_Skills": {
          "foreach": "@outputs('Get_Skills')?['body/value']",
          "actions": {
            "Create_item": {
              "runAfter": {},
              "metadata": {
                "operationMetadataId": "29319190-57c3-4045-b2f7-739adf201ef9"
              },
              "type": "OpenApiConnection",
              "inputs": {
                "host": {
                  "connectionName": "shared_sharepointonline",
                  "operationId": "PostItem",
                  "apiId": "/providers/Microsoft.PowerApps/apis/shared_sharepointonline"
                },
                "parameters": {
                  "dataset": "@parameters('SharePointSite (new_SharePointSite)')",
                  "table": "@parameters('Skill Assignment (new_shared_sharepointonline_488b5b1c6f9843d3b54f1ce1d69dd914)')",
                  "item/Title": "@items('For_Each_Item_in_Skills')?['AssessmentType/Value']",
                  "item/EmployeeList_ID/Id": "@triggerOutputs()?['body/ID']",
                  "item/Initial_Assessment/Value": "None Selected",
                  "item/Post_Assessment/Value": "None Selected",
                  "item/Skill/Id": "@items('For_Each_Item_in_Skills')?['ID']",
                  "item/SkillGroupTxt": "@items('For_Each_Item_in_Skills')?['field_1']",
                  "item/SkillTitleText": "@items('For_Each_Item_in_Skills')?['Title']"
                },
                "authentication": "@parameters('$authentication')"
              }
            }
          },
          "runAfter": {
            "Get_Skills": [
              "Succeeded"
            ]
          },
          "metadata": {
            "operationMetadataId": "f85e85be-3a7d-4d69-a9f4-8af5ca29f452"
          },
          "type": "Foreach"
        }
      }
    },
    "templateName": ""
  },
  "schemaVersion": "1.0.0.0"
}