{
  "properties": {
    "connectionReferences": {
      "shared_sharepointonline_1": {
        "runtimeSource": "invoker",
        "connection": {
          "connectionReferenceLogicalName": "new_sharedsharepointonline_7d00c"
        },
        "api": {
          "name": "shared_sharepointonline"
        }
      }
    },
    "definition": {
      "$schema": "https://schema.management.azure.com/providers/Microsoft.Logic/schemas/2016-06-01/workflowdefinition.json#",
      "contentVersion": "1.0.0.0",
      "parameters": {
        "$connections": {
          "defaultValue": {},
          "type": "Object"
        },
        "$authentication": {
          "defaultValue": {},
          "type": "SecureObject"
        },
        "SharePointSite (new_SharePointSite)": {
          "defaultValue": "https://contoso.sharepoint.com/teams/ClinicalEducation",
          "type": "String",
          "metadata": {
            "schemaName": "new_SharePointSite"
          }
        }
      },
      "triggers": {
        "manual": {
          "metadata": {
            "operationMetadataId": "685c9756-5255-4973-8dcd-6b9b6355f9cc"
          },
          "type": "Request",
          "kind": "Button",
          "inputs": {
            "schema": {
              "type": "object",
              "properties": {},
              "required": []
            }
          }
        }
      },
      "actions": {
        "Target_Sharepoint_Site": {
          "runAfter": {},
          "metadata": {
            "operationMetadataId": "04415f22-fca7-4085-80e2-23efd32bbf83"
          },
          "type": "InitializeVariable",
          "inputs": {
            "variables": [
              {
                "name": "TargetSharePointSite",
                "type": "string",
                "value": "@parameters('SharePointSite (new_SharePointSite)')"
              }
            ]
          }
        },
        "Assessment_Types": {
          "runAfter": {
            "Target_Sharepoint_Site": [
              "Succeeded"
            ]
          },
          "metadata": {
            "operationMetadataId": "8514ebe4-5add-415d-8ab6-c8e8ce8fcf0c"
          },
          "type": "InitializeVariable",
          "inputs": {
            "variables": [
              {
                "name": "Assessment_Types",
                "type": "string",
                "value": "{\"script\": \"{\\\"actions\\\":[{\\\"verb\\\":\\\"createSPList\\\",\\\"listName\\\":\\\"Assessment_Types\\\",\\\"templateType\\\":100,\\\"color\\\":\\\"7\\\",\\\"icon\\\":\\\"8\\\",\\\"subactions\\\":[{\\\"verb\\\":\\\"addSPFieldXml\\\",\\\"schemaXml\\\":\\\"<Field ID=\\\\\\\"{fa564e0f-0c70-4ab9-b863-0177e6ddd247}\\\\\\\" Type=\\\\\\\"Text\\\\\\\" Name=\\\\\\\"Title\\\\\\\" DisplayName=\\\\\\\"AssessmentID\\\\\\\" Required=\\\\\\\"TRUE\\\\\\\" SourceID=\\\\\\\"http://schemas.microsoft.com/sharepoint/v3\\\\\\\" StaticName=\\\\\\\"Title\\\\\\\" FromBaseType=\\\\\\\"TRUE\\\\\\\" MaxLength=\\\\\\\"255\\\\\\\" CustomFormatter=\\\\\\\"\\\\\\\" EnforceUniqueValues=\\\\\\\"FALSE\\\\\\\" Indexed=\\\\\\\"FALSE\\\\\\\" />\\\"},{\\\"verb\\\":\\\"addSPFieldXml\\\",\\\"schemaXml\\\":\\\"<Field ID=\\\\\\\"{bc91a437-52e7-49e1-8c4e-4698904b2b6d}\\\\\\\" ReadOnly=\\\\\\\"TRUE\\\\\\\" Type=\\\\\\\"Computed\\\\\\\" Name=\\\\\\\"LinkTitleNoMenu\\\\\\\" DisplayName=\\\\\\\"AssessmentID\\\\\\\" Dir=\\\\\\\"\\\\\\\" DisplayNameSrcField=\\\\\\\"Title\\\\\\\" AuthoringInfo=\\\\\\\"(linked to item)\\\\\\\" EnableLookup=\\\\\\\"TRUE\\\\\\\" ListItemMenuAllowed=\\\\\\\"Prohibited\\\\\\\" LinkToItemAllowed=\\\\\\\"Prohibited\\\\\\\" SourceID=\\\\\\\"http://schemas.microsoft.com/sharepoint/v3\\\\\\\" StaticName=\\\\\\\"LinkTitleNoMenu\\\\\\\" FromBaseType=\\\\\\\"TRUE\\\\\\\"><FieldRefs><FieldRef Name=\\\\\\\"Title\\\\\\\" /><FieldRef Name=\\\\\\\"LinkFilenameNoMenu\\\\\\\" /></FieldRefs><DisplayPattern><IfEqual><Expr1><LookupColumn Name=\\\\\\\"FSObjType\\\\\\\" /></Expr1><Expr2>1</Expr2><Then><Field Name=\\\\\\\"LinkFilenameNoMenu\\\\\\\" /></Then><Else><HTML><![CDATA[<a onfocus=\\\\\\\"OnLink(this)\\\\\\\" href=\\\\\\\"]]></HTML><URL /><HTML><![CDATA[\\\\\\\" onclick=\\\\\\\"EditLink2(this,]]></HTML><Counter Type=\\\\\\\"View\\\\\\\" /><HTML><![CDATA[);return false;\\\\\\\" target=\\\\\\\"_self\\\\\\\">]]></HTML><Column HTMLEncode=\\\\\\\"TRUE\\\\\\\" Name=\\\\\\\"Title\\\\\\\" Default=\\\\\\\"(no title)\\\\\\\" /><IfEqual><Expr1><GetVar Name=\\\\\\\"ShowAccessibleIcon\\\\\\\" /></Expr1><Expr2>1</Expr2><Then><HTML><![CDATA[<img src=\\\\\\\"/_layouts/15/images/blank.gif?rev=47\\\\\\\" class=\\\\\\\"ms-hidden\\\\\\\" border=\\\\\\\"0\\\\\\\" width=\\\\\\\"1\\\\\\\" height=\\\\\\\"1\\\\\\\" alt=\\\\\\\"Use SHIFT+ENTER to open the menu (new window).\\\\\\\"/>]]></HTML></Then></IfEqual><HTML><![CDATA[</a>]]></HTML><IfNew><HTML><![CDATA[<img src=\\\\\\\"/_layouts/1033/images/new.gif\\\\\\\" alt=\\\\\\\"]]></HTML><HTML>New</HTML><HTML><![CDATA[\\\\\\\" class=\\\\\\\"ms-newgif\\\\\\\" />]]></HTML></IfNew></Else></IfEqual></DisplayPattern></Field>\\\"},{\\\"verb\\\":\\\"addSPFieldXml\\\",\\\"schemaXml\\\":\\\"<Field ID=\\\\\\\"{82642ec8-ef9b-478f-acf9-31f7d45fbc31}\\\\\\\" ReadOnly=\\\\\\\"TRUE\\\\\\\" Type=\\\\\\\"Computed\\\\\\\" Name=\\\\\\\"LinkTitle\\\\\\\" DisplayName=\\\\\\\"AssessmentID\\\\\\\" DisplayNameSrcField=\\\\\\\"Title\\\\\\\" ClassInfo=\\\\\\\"Menu\\\\\\\" AuthoringInfo=\\\\\\\"(linked to item with edit menu)\\\\\\\" ListItemMenuAllowed=\\\\\\\"Required\\\\\\\" LinkToItemAllowed=\\\\\\\"Prohibited\\\\\\\" SourceID=\\\\\\\"http://schemas.microsoft.com/sharepoint/v3\\\\\\\" StaticName=\\\\\\\"LinkTitle\\\\\\\" FromBaseType=\\\\\\\"TRUE\\\\\\\"><FieldRefs><FieldRef Name=\\\\\\\"Title\\\\\\\" /><FieldRef Name=\\\\\\\"LinkTitleNoMenu\\\\\\\" /><FieldRef Name=\\\\\\\"_EditMenuTableStart2\\\\\\\" /><FieldRef Name=\\\\\\\"_EditMenuTableEnd\\\\\\\" /></FieldRefs><DisplayPattern><FieldSwitch><Expr><GetVar Name=\\\\\\\"FreeForm\\\\\\\" /></Expr><Case Value=\\\\\\\"TRUE\\\\\\\"><Field Name=\\\\\\\"LinkTitleNoMenu\\\\\\\" /></Case><Default><HTML><![CDATA[<div class=\\\\\\\"ms-vb itx\\\\\\\" onmouseover=\\\\\\\"OnItem(this)\\\\\\\" CTXName=\\\\\\\"ctx]]></HTML><Field Name=\\\\\\\"_EditMenuTableStart2\\\\\\\" /><HTML><![CDATA[\\\\\\\">]]></HTML><Field Name=\\\\\\\"LinkTitleNoMenu\\\\\\\" /><HTML><![CDATA[</div>]]></HTML><HTML><![CDATA[<div class=\\\\\\\"s4-ctx\\\\\\\" onmouseover=\\\\\\\"OnChildItem(this.parentNode); return false;\\\\\\\">]]></HTML><HTML><![CDATA[<span>&nbsp;</span>]]></HTML><HTML><![CDATA[<a onfocus=\\\\\\\"OnChildItem(this.parentNode.parentNode); return false;\\\\\\\" onclick=\\\\\\\"PopMenuFromChevron(event); return false;\\\\\\\" href=\\\\\\\"javascript:;\\\\\\\" title=\\\\\\\"Open Menu\\\\\\\"></a>]]></HTML><HTML><![CDATA[<span>&nbsp;</span>]]></HTML><HTML><![CDATA[</div>]]></HTML></Default></FieldSwitch></DisplayPattern></Field>\\\"},{\\\"verb\\\":\\\"addSPFieldXml\\\",\\\"schemaXml\\\":\\\"<Field ID=\\\\\\\"{5f190d91-3dbc-4489-9878-3c092caf35b6}\\\\\\\" Hidden=\\\\\\\"TRUE\\\\\\\" ReadOnly=\\\\\\\"TRUE\\\\\\\" Type=\\\\\\\"Computed\\\\\\\" Name=\\\\\\\"LinkTitle2\\\\\\\" DisplayName=\\\\\\\"AssessmentID\\\\\\\" DisplayNameSrcField=\\\\\\\"Title\\\\\\\" ClassInfo=\\\\\\\"Menu\\\\\\\" AuthoringInfo=\\\\\\\"(linked to item with edit menu) (old)\\\\\\\" SourceID=\\\\\\\"http://schemas.microsoft.com/sharepoint/v3\\\\\\\" StaticName=\\\\\\\"LinkTitle2\\\\\\\" FromBaseType=\\\\\\\"TRUE\\\\\\\"><FieldRefs><FieldRef Name=\\\\\\\"Title\\\\\\\" /><FieldRef Name=\\\\\\\"LinkTitleNoMenu\\\\\\\" /><FieldRef Name=\\\\\\\"_EditMenuTableStart\\\\\\\" /><FieldRef Name=\\\\\\\"_EditMenuTableEnd\\\\\\\" /></FieldRefs><DisplayPattern><FieldSwitch><Expr><GetVar Name=\\\\\\\"FreeForm\\\\\\\" /></Expr><Case Value=\\\\\\\"TRUE\\\\\\\"><Field Name=\\\\\\\"LinkTitleNoMenu\\\\\\\" /></Case><Default><Field Name=\\\\\\\"_EditMenuTableStart\\\\\\\" /><SetVar Name=\\\\\\\"ShowAccessibleIcon\\\\\\\" Value=\\\\\\\"1\\\\\\\" /><Field Name=\\\\\\\"LinkTitleNoMenu\\\\\\\" /><SetVar Name=\\\\\\\"ShowAccessibleIcon\\\\\\\" Value=\\\\\\\"0\\\\\\\" /><Field Name=\\\\\\\"_EditMenuTableEnd\\\\\\\" /></Default></FieldSwitch></DisplayPattern></Field>\\\"},{\\\"verb\\\":\\\"addContentType\\\",\\\"name\\\":\\\"Item\\\",\\\"id\\\":\\\"0x01\\\",\\\"fieldRefsXml\\\":[\\\"<FieldRef ID=\\\\\\\"{fa564e0f-0c70-4ab9-b863-0177e6ddd247}\\\\\\\" Name=\\\\\\\"Title\\\\\\\" DisplayName=\\\\\\\"AssessmentID\\\\\\\" Required=\\\\\\\"TRUE\\\\\\\" />\\\",\\\"<FieldRef ID=\\\\\\\"{82642ec8-ef9b-478f-acf9-31f7d45fbc31}\\\\\\\" Name=\\\\\\\"LinkTitle\\\\\\\" DisplayName=\\\\\\\"AssessmentID\\\\\\\" ReadOnly=\\\\\\\"TRUE\\\\\\\" />\\\"]},{\\\"verb\\\":\\\"addContentType\\\",\\\"name\\\":\\\"Folder\\\",\\\"id\\\":\\\"0x0120\\\"},{\\\"verb\\\":\\\"addSPView\\\",\\\"name\\\":\\\"All Items\\\",\\\"viewFields\\\":[\\\"LinkTitle\\\",\\\"ContentType\\\"],\\\"query\\\":\\\"\\\",\\\"rowLimit\\\":30,\\\"isPaged\\\":true,\\\"makeDefault\\\":true,\\\"replaceViewFields\\\":true}]}]}\"}"
              }
            ]
          }
        },
        "Skills_List": {
          "runAfter": {
            "Assessment_Types": [
              "Succeeded"
            ]
          },
          "metadata": {
            "operationMetadataId": "d0aaf86e-ecd2-4d17-9293-53502ec51712"
          },
          "type": "InitializeVariable",
          "inputs": {
            "variables": [
              {
                "name": "Skills_List",
                "type": "string",
                "value": "{\"script\": \"{\\\"actions\\\":[{\\\"verb\\\":\\\"createSPList\\\",\\\"listName\\\":\\\"Skills List\\\",\\\"templateType\\\":100,\\\"color\\\":\\\"0\\\",\\\"icon\\\":\\\"2\\\",\\\"subactions\\\":[{\\\"verb\\\":\\\"addSPFieldXml\\\",\\\"schemaXml\\\":\\\"<Field ID=\\\\\\\"{fa564e0f-0c70-4ab9-b863-0177e6ddd247}\\\\\\\" Type=\\\\\\\"Text\\\\\\\" Name=\\\\\\\"Title\\\\\\\" DisplayName=\\\\\\\"Title\\\\\\\" Required=\\\\\\\"FALSE\\\\\\\" SourceID=\\\\\\\"http://schemas.microsoft.com/sharepoint/v3\\\\\\\" StaticName=\\\\\\\"Title\\\\\\\" FromBaseType=\\\\\\\"TRUE\\\\\\\" MaxLength=\\\\\\\"255\\\\\\\" />\\\"},{\\\"verb\\\":\\\"addSPFieldXml\\\",\\\"schemaXml\\\":\\\"<Field Type=\\\\\\\"Text\\\\\\\" DisplayName=\\\\\\\"Group\\\\\\\" Name=\\\\\\\"field_1\\\\\\\" ID=\\\\\\\"{38ea9655-fe77-4ff3-8475-47053e846ce0}\\\\\\\" StaticName=\\\\\\\"field_1\\\\\\\" />\\\"},{\\\"verb\\\":\\\"addSPLookupFieldXml\\\",\\\"schemaXml\\\":\\\"<Field ClientSideComponentId=\\\\\\\"00000000-0000-0000-0000-000000000000\\\\\\\" DisplayName=\\\\\\\"AssessmentType\\\\\\\" Format=\\\\\\\"Dropdown\\\\\\\" Indexed=\\\\\\\"FALSE\\\\\\\" Name=\\\\\\\"AssessmentType\\\\\\\" ShowField=\\\\\\\"Title\\\\\\\" Title=\\\\\\\"AssessmentType\\\\\\\" Type=\\\\\\\"Lookup\\\\\\\" ID=\\\\\\\"{6014794f-55b5-40da-9f98-57bb3761c178}\\\\\\\" StaticName=\\\\\\\"AssessmentType\\\\\\\" Hidden=\\\\\\\"FALSE\\\\\\\" PITarget=\\\\\\\"\\\\\\\" PrimaryPITarget=\\\\\\\"\\\\\\\" PIAttribute=\\\\\\\"\\\\\\\" PrimaryPIAttribute=\\\\\\\"\\\\\\\" Aggregation=\\\\\\\"\\\\\\\" Node=\\\\\\\"\\\\\\\" />\\\",\\\"targetListName\\\":\\\"Assessment_Types\\\"},{\\\"verb\\\":\\\"addSPLookupFieldXml\\\",\\\"schemaXml\\\":\\\"<Field ClientSideComponentId=\\\\\\\"00000000-0000-0000-0000-000000000000\\\\\\\" DisplayName=\\\\\\\"AssessmentType: ID\\\\\\\" FieldRef=\\\\\\\"6014794f-55b5-40da-9f98-57bb3761c178\\\\\\\" Format=\\\\\\\"Dropdown\\\\\\\" IsModern=\\\\\\\"TRUE\\\\\\\" Name=\\\\\\\"AssessmentType_x003a__x0020_ID\\\\\\\" ShowField=\\\\\\\"ID\\\\\\\" Title=\\\\\\\"AssessmentType: ID\\\\\\\" Type=\\\\\\\"Lookup\\\\\\\" ID=\\\\\\\"{209ea3bd-4a7d-41bc-a54e-c8e17d3d73c1}\\\\\\\" StaticName=\\\\\\\"AssessmentType_x003a__x0020_ID\\\\\\\" ReadOnly=\\\\\\\"TRUE\\\\\\\" />\\\",\\\"targetListName\\\":\\\"Assessment_Types\\\"},{\\\"verb\\\":\\\"addSPFieldXml\\\",\\\"schemaXml\\\":\\\"<Field Type=\\\\\\\"Text\\\\\\\" DisplayName=\\\\\\\"Training_Materials\\\\\\\" Required=\\\\\\\"FALSE\\\\\\\" EnforceUniqueValues=\\\\\\\"FALSE\\\\\\\" Indexed=\\\\\\\"FALSE\\\\\\\" MaxLength=\\\\\\\"255\\\\\\\" ID=\\\\\\\"{78aa2df3-3c74-4358-ace3-b13b6e2af4f0}\\\\\\\" StaticName=\\\\\\\"Training_Materials\\\\\\\" Name=\\\\\\\"Training_Materials\\\\\\\" />\\\"},{\\\"verb\\\":\\\"addSPFieldXml\\\",\\\"schemaXml\\\":\\\"<Field DisplayName=\\\\\\\"Policy_Link\\\\\\\" Format=\\\\\\\"Dropdown\\\\\\\" IsModern=\\\\\\\"TRUE\\\\\\\" MaxLength=\\\\\\\"255\\\\\\\" Name=\\\\\\\"Policy_Link\\\\\\\" Title=\\\\\\\"Policy_Link\\\\\\\" Type=\\\\\\\"Text\\\\\\\" ID=\\\\\\\"{91552623-bf74-4a63-8c1d-3a1b419ad22b}\\\\\\\" StaticName=\\\\\\\"Policy_Link\\\\\\\" />\\\"},{\\\"verb\\\":\\\"addContentType\\\",\\\"name\\\":\\\"Item\\\",\\\"id\\\":\\\"0x01\\\",\\\"fieldRefsXml\\\":[\\\"<FieldRef ID=\\\\\\\"{fa564e0f-0c70-4ab9-b863-0177e6ddd247}\\\\\\\" Name=\\\\\\\"Title\\\\\\\" />\\\",\\\"<FieldRef ID=\\\\\\\"{38ea9655-fe77-4ff3-8475-47053e846ce0}\\\\\\\" Name=\\\\\\\"field_1\\\\\\\" DisplayName=\\\\\\\"Group\\\\\\\" />\\\",\\\"<FieldRef ID=\\\\\\\"{6014794f-55b5-40da-9f98-57bb3761c178}\\\\\\\" Name=\\\\\\\"AssessmentType\\\\\\\" DisplayName=\\\\\\\"AssessmentType\\\\\\\" Hidden=\\\\\\\"FALSE\\\\\\\" PITarget=\\\\\\\"\\\\\\\" PrimaryPITarget=\\\\\\\"\\\\\\\" PIAttribute=\\\\\\\"\\\\\\\" PrimaryPIAttribute=\\\\\\\"\\\\\\\" Aggregation=\\\\\\\"\\\\\\\" Node=\\\\\\\"\\\\\\\" Format=\\\\\\\"Dropdown\\\\\\\" />\\\",\\\"<FieldRef ID=\\\\\\\"{209ea3bd-4a7d-41bc-a54e-c8e17d3d73c1}\\\\\\\" Name=\\\\\\\"AssessmentType_x003a__x0020_ID\\\\\\\" DisplayName=\\\\\\\"AssessmentType: ID\\\\\\\" ReadOnly=\\\\\\\"TRUE\\\\\\\" Format=\\\\\\\"Dropdown\\\\\\\" />\\\",\\\"<FieldRef ID=\\\\\\\"{78aa2df3-3c74-4358-ace3-b13b6e2af4f0}\\\\\\\" Name=\\\\\\\"Training_Materials\\\\\\\" Required=\\\\\\\"FALSE\\\\\\\" />\\\",\\\"<FieldRef ID=\\\\\\\"{91552623-bf74-4a63-8c1d-3a1b419ad22b}\\\\\\\" Name=\\\\\\\"Policy_Link\\\\\\\" />\\\"]},{\\\"verb\\\":\\\"addContentType\\\",\\\"name\\\":\\\"Folder\\\",\\\"id\\\":\\\"0x0120\\\"},{\\\"verb\\\":\\\"addSPView\\\",\\\"name\\\":\\\"All Items\\\",\\\"viewFields\\\":[\\\"LinkTitle\\\",\\\"field_1\\\",\\\"AssessmentType\\\",\\\"ID\\\",\\\"AssessmentType_x003a__x0020_ID\\\",\\\"Training_Materials\\\",\\\"Policy_Link\\\"],\\\"query\\\":\\\"\\\",\\\"rowLimit\\\":30,\\\"isPaged\\\":true,\\\"makeDefault\\\":true,\\\"formatterJSON\\\":\\\"\\\",\\\"replaceViewFields\\\":true}]}]}\"}"
              }
            ]
          }
        },
        "Students": {
          "runAfter": {
            "Skills_List": [
              "Succeeded"
            ]
          },
          "metadata": {
            "operationMetadataId": "e6cf70f1-f8d2-48cc-845c-9859a2a8a0ce"
          },
          "type": "InitializeVariable",
          "inputs": {
            "variables": [
              {
                "name": "Students",
                "type": "string",
                "value": "{\"script\": \"{\\\"actions\\\":[{\\\"verb\\\":\\\"createSPList\\\",\\\"listName\\\":\\\"Students\\\",\\\"templateType\\\":100,\\\"color\\\":\\\"0\\\",\\\"icon\\\":\\\"2\\\",\\\"subactions\\\":[{\\\"verb\\\":\\\"addSPFieldXml\\\",\\\"schemaXml\\\":\\\"<Field Type=\\\\\\\"User\\\\\\\" DisplayName=\\\\\\\"Employee\\\\\\\" List=\\\\\\\"UserInfo\\\\\\\" Required=\\\\\\\"TRUE\\\\\\\" EnforceUniqueValues=\\\\\\\"FALSE\\\\\\\" ShowField=\\\\\\\"ImnName\\\\\\\" UserSelectionMode=\\\\\\\"PeopleOnly\\\\\\\" UserSelectionScope=\\\\\\\"0\\\\\\\" ID=\\\\\\\"{fd4636c6-a337-49d5-8422-ae5e0914d094}\\\\\\\" StaticName=\\\\\\\"Employee\\\\\\\" Name=\\\\\\\"Employee\\\\\\\" Group=\\\\\\\"\\\\\\\" Hidden=\\\\\\\"FALSE\\\\\\\" Customization=\\\\\\\"\\\\\\\" ReadOnly=\\\\\\\"FALSE\\\\\\\" PITarget=\\\\\\\"\\\\\\\" PrimaryPITarget=\\\\\\\"\\\\\\\" PIAttribute=\\\\\\\"\\\\\\\" PrimaryPIAttribute=\\\\\\\"\\\\\\\" Aggregation=\\\\\\\"\\\\\\\" Node=\\\\\\\"\\\\\\\" />\\\"},{\\\"verb\\\":\\\"addSPFieldXml\\\",\\\"schemaXml\\\":\\\"<Field Type=\\\\\\\"Text\\\\\\\" DisplayName=\\\\\\\"Job Title\\\\\\\" Required=\\\\\\\"TRUE\\\\\\\" EnforceUniqueValues=\\\\\\\"FALSE\\\\\\\" Indexed=\\\\\\\"FALSE\\\\\\\" MaxLength=\\\\\\\"255\\\\\\\" ID=\\\\\\\"{08b406fb-b3ea-4920-806f-8f7a9b0e43f9}\\\\\\\" StaticName=\\\\\\\"Job_x0020_Title\\\\\\\" Name=\\\\\\\"Job_x0020_Title\\\\\\\" />\\\"},{\\\"verb\\\":\\\"addSPFieldXml\\\",\\\"schemaXml\\\":\\\"<Field ID=\\\\\\\"{fa564e0f-0c70-4ab9-b863-0177e6ddd247}\\\\\\\" Type=\\\\\\\"Text\\\\\\\" Name=\\\\\\\"Title\\\\\\\" DisplayName=\\\\\\\"Department\\\\\\\" Required=\\\\\\\"TRUE\\\\\\\" SourceID=\\\\\\\"http://schemas.microsoft.com/sharepoint/v3\\\\\\\" StaticName=\\\\\\\"Title\\\\\\\" FromBaseType=\\\\\\\"TRUE\\\\\\\" MaxLength=\\\\\\\"255\\\\\\\" CustomFormatter=\\\\\\\"\\\\\\\" EnforceUniqueValues=\\\\\\\"FALSE\\\\\\\" Indexed=\\\\\\\"FALSE\\\\\\\" />\\\"},{\\\"verb\\\":\\\"addSPFieldXml\\\",\\\"schemaXml\\\":\\\"<Field Type=\\\\\\\"User\\\\\\\" DisplayName=\\\\\\\"Educator\\\\\\\" List=\\\\\\\"UserInfo\\\\\\\" Required=\\\\\\\"TRUE\\\\\\\" EnforceUniqueValues=\\\\\\\"FALSE\\\\\\\" ShowField=\\\\\\\"ImnName\\\\\\\" UserSelectionMode=\\\\\\\"PeopleOnly\\\\\\\" UserSelectionScope=\\\\\\\"0\\\\\\\" ID=\\\\\\\"{a7099479-c266-495a-8585-9e6e3f32e00f}\\\\\\\" StaticName=\\\\\\\"Educator\\\\\\\" Name=\\\\\\\"Educator\\\\\\\" />\\\"},{\\\"verb\\\":\\\"addSPFieldXml\\\",\\\"schemaXml\\\":\\\"<Field Type=\\\\\\\"User\\\\\\\" DisplayName=\\\\\\\"Primary Preceptor\\\\\\\" List=\\\\\\\"UserInfo\\\\\\\" Required=\\\\\\\"TRUE\\\\\\\" EnforceUniqueValues=\\\\\\\"FALSE\\\\\\\" ShowField=\\\\\\\"ImnName\\\\\\\" UserSelectionMode=\\\\\\\"PeopleOnly\\\\\\\" UserSelectionScope=\\\\\\\"0\\\\\\\" ID=\\\\\\\"{60f41a07-4c8f-4ac0-b87f-44b7240da501}\\\\\\\" StaticName=\\\\\\\"Primary_x0020_Preceptor\\\\\\\" Name=\\\\\\\"Primary_x0020_Preceptor\\\\\\\" />\\\"},{\\\"verb\\\":\\\"addSPFieldXml\\\",\\\"schemaXml\\\":\\\"<Field Type=\\\\\\\"User\\\\\\\" DisplayName=\\\\\\\"Manager\\\\\\\" List=\\\\\\\"UserInfo\\\\\\\" Required=\\\\\\\"TRUE\\\\\\\" EnforceUniqueValues=\\\\\\\"FALSE\\\\\\\" ShowField=\\\\\\\"ImnName\\\\\\\" UserSelectionMode=\\\\\\\"PeopleOnly\\\\\\\" UserSelectionScope=\\\\\\\"0\\\\\\\" ID=\\\\\\\"{732fc498-2e1d-40c4-bf1d-a1da3bf2f120}\\\\\\\" StaticName=\\\\\\\"Manager\\\\\\\" Name=\\\\\\\"Manager\\\\\\\" />\\\"},{\\\"verb\\\":\\\"addSPFieldXml\\\",\\\"schemaXml\\\":\\\"<Field Type=\\\\\\\"DateTime\\\\\\\" DisplayName=\\\\\\\"Planned Completion Date\\\\\\\" Required=\\\\\\\"TRUE\\\\\\\" EnforceUniqueValues=\\\\\\\"FALSE\\\\\\\" Indexed=\\\\\\\"FALSE\\\\\\\" Format=\\\\\\\"DateOnly\\\\\\\" FriendlyDisplayFormat=\\\\\\\"Disabled\\\\\\\" ID=\\\\\\\"{03577f04-01fc-4df5-9e9d-5bc88516134f}\\\\\\\" StaticName=\\\\\\\"Planned_x0020_Completion_x0020_D\\\\\\\" Name=\\\\\\\"Planned_x0020_Completion_x0020_D\\\\\\\" />\\\"},{\\\"verb\\\":\\\"addSPFieldXml\\\",\\\"schemaXml\\\":\\\"<Field Type=\\\\\\\"DateTime\\\\\\\" DisplayName=\\\\\\\"Orientation Start Date\\\\\\\" Required=\\\\\\\"TRUE\\\\\\\" EnforceUniqueValues=\\\\\\\"FALSE\\\\\\\" Indexed=\\\\\\\"FALSE\\\\\\\" Format=\\\\\\\"DateOnly\\\\\\\" FriendlyDisplayFormat=\\\\\\\"Disabled\\\\\\\" ID=\\\\\\\"{8e453442-ede0-4bbe-a9a0-14b87c665a6b}\\\\\\\" StaticName=\\\\\\\"Orientation_x0020_Start_x0020_Da\\\\\\\" Name=\\\\\\\"Orientation_x0020_Start_x0020_Da\\\\\\\"><Default>[today]</Default></Field>\\\"},{\\\"verb\\\":\\\"addSPFieldXml\\\",\\\"schemaXml\\\":\\\"<Field Type=\\\\\\\"Choice\\\\\\\" DisplayName=\\\\\\\"Active\\\\\\\" Required=\\\\\\\"TRUE\\\\\\\" EnforceUniqueValues=\\\\\\\"FALSE\\\\\\\" Indexed=\\\\\\\"FALSE\\\\\\\" Format=\\\\\\\"Dropdown\\\\\\\" FillInChoice=\\\\\\\"FALSE\\\\\\\" ID=\\\\\\\"{85527b3d-da3b-4ba1-a769-372dea723203}\\\\\\\" StaticName=\\\\\\\"Active\\\\\\\" Name=\\\\\\\"Active\\\\\\\"><Default>Yes</Default><CHOICES><CHOICE>Yes</CHOICE><CHOICE>No</CHOICE></CHOICES></Field>\\\"},{\\\"verb\\\":\\\"addSPLookupFieldXml\\\",\\\"schemaXml\\\":\\\"<Field Type=\\\\\\\"Lookup\\\\\\\" DisplayName=\\\\\\\"AssessmentType\\\\\\\" Required=\\\\\\\"FALSE\\\\\\\" EnforceUniqueValues=\\\\\\\"FALSE\\\\\\\" ShowField=\\\\\\\"Title\\\\\\\" UnlimitedLengthInDocumentLibrary=\\\\\\\"FALSE\\\\\\\" RelationshipDeleteBehavior=\\\\\\\"None\\\\\\\" ID=\\\\\\\"{c606ac26-29ef-4ac1-8777-268b124ef5a0}\\\\\\\" StaticName=\\\\\\\"AssessmentType\\\\\\\" Name=\\\\\\\"AssessmentType\\\\\\\" />\\\",\\\"targetListName\\\":\\\"Assessment_Types\\\"},{\\\"verb\\\":\\\"addSPFieldXml\\\",\\\"schemaXml\\\":\\\"<Field ID=\\\\\\\"{bc91a437-52e7-49e1-8c4e-4698904b2b6d}\\\\\\\" ReadOnly=\\\\\\\"TRUE\\\\\\\" Type=\\\\\\\"Computed\\\\\\\" Name=\\\\\\\"LinkTitleNoMenu\\\\\\\" DisplayName=\\\\\\\"Department\\\\\\\" Dir=\\\\\\\"\\\\\\\" DisplayNameSrcField=\\\\\\\"Title\\\\\\\" AuthoringInfo=\\\\\\\"(linked to item)\\\\\\\" EnableLookup=\\\\\\\"TRUE\\\\\\\" ListItemMenuAllowed=\\\\\\\"Prohibited\\\\\\\" LinkToItemAllowed=\\\\\\\"Prohibited\\\\\\\" SourceID=\\\\\\\"http://schemas.microsoft.com/sharepoint/v3\\\\\\\" StaticName=\\\\\\\"LinkTitleNoMenu\\\\\\\" FromBaseType=\\\\\\\"TRUE\\\\\\\"><FieldRefs><FieldRef Name=\\\\\\\"Title\\\\\\\" /><FieldRef Name=\\\\\\\"LinkFilenameNoMenu\\\\\\\" /></FieldRefs><DisplayPattern><IfEqual><Expr1><LookupColumn Name=\\\\\\\"FSObjType\\\\\\\" /></Expr1><Expr2>1</Expr2><Then><Field Name=\\\\\\\"LinkFilenameNoMenu\\\\\\\" /></Then><Else><HTML><![CDATA[<a onfocus=\\\\\\\"OnLink(this)\\\\\\\" href=\\\\\\\"]]></HTML><URL /><HTML><![CDATA[\\\\\\\" onclick=\\\\\\\"EditLink2(this,]]></HTML><Counter Type=\\\\\\\"View\\\\\\\" /><HTML><![CDATA[);return false;\\\\\\\" target=\\\\\\\"_self\\\\\\\">]]></HTML><Column HTMLEncode=\\\\\\\"TRUE\\\\\\\" Name=\\\\\\\"Title\\\\\\\" Default=\\\\\\\"(no title)\\\\\\\" /><IfEqual><Expr1><GetVar Name=\\\\\\\"ShowAccessibleIcon\\\\\\\" /></Expr1><Expr2>1</Expr2><Then><HTML><![CDATA[<img src=\\\\\\\"/_layouts/15/images/blank.gif?rev=47\\\\\\\" class=\\\\\\\"ms-hidden\\\\\\\" border=\\\\\\\"0\\\\\\\" width=\\\\\\\"1\\\\\\\" height=\\\\\\\"1\\\\\\\" alt=\\\\\\\"Use SHIFT+ENTER to open the menu (new window).\\\\\\\"/>]]></HTML></Then></IfEqual><HTML><![CDATA[</a>]]></HTML><IfNew><HTML><![CDATA[<img src=\\\\\\\"/_layouts/1033/images/new.gif\\\\\\\" alt=\\\\\\\"]]></HTML><HTML>New</HTML><HTML><![CDATA[\\\\\\\" class=\\\\\\\"ms-newgif\\\\\\\" />]]></HTML></IfNew></Else></IfEqual></DisplayPattern></Field>\\\"},{\\\"verb\\\":\\\"addSPFieldXml\\\",\\\"schemaXml\\\":\\\"<Field ID=\\\\\\\"{82642ec8-ef9b-478f-acf9-31f7d45fbc31}\\\\\\\" ReadOnly=\\\\\\\"TRUE\\\\\\\" Type=\\\\\\\"Computed\\\\\\\" Name=\\\\\\\"LinkTitle\\\\\\\" DisplayName=\\\\\\\"Department\\\\\\\" DisplayNameSrcField=\\\\\\\"Title\\\\\\\" ClassInfo=\\\\\\\"Menu\\\\\\\" AuthoringInfo=\\\\\\\"(linked to item with edit menu)\\\\\\\" ListItemMenuAllowed=\\\\\\\"Required\\\\\\\" LinkToItemAllowed=\\\\\\\"Prohibited\\\\\\\" SourceID=\\\\\\\"http://schemas.microsoft.com/sharepoint/v3\\\\\\\" StaticName=\\\\\\\"LinkTitle\\\\\\\" FromBaseType=\\\\\\\"TRUE\\\\\\\"><FieldRefs><FieldRef Name=\\\\\\\"Title\\\\\\\" /><FieldRef Name=\\\\\\\"LinkTitleNoMenu\\\\\\\" /><FieldRef Name=\\\\\\\"_EditMenuTableStart2\\\\\\\" /><FieldRef Name=\\\\\\\"_EditMenuTableEnd\\\\\\\" /></FieldRefs><DisplayPattern><FieldSwitch><Expr><GetVar Name=\\\\\\\"FreeForm\\\\\\\" /></Expr><Case Value=\\\\\\\"TRUE\\\\\\\"><Field Name=\\\\\\\"LinkTitleNoMenu\\\\\\\" /></Case><Default><HTML><![CDATA[<div class=\\\\\\\"ms-vb itx\\\\\\\" onmouseover=\\\\\\\"OnItem(this)\\\\\\\" CTXName=\\\\\\\"ctx]]></HTML><Field Name=\\\\\\\"_EditMenuTableStart2\\\\\\\" /><HTML><![CDATA[\\\\\\\">]]></HTML><Field Name=\\\\\\\"LinkTitleNoMenu\\\\\\\" /><HTML><![CDATA[</div>]]></HTML><HTML><![CDATA[<div class=\\\\\\\"s4-ctx\\\\\\\" onmouseover=\\\\\\\"OnChildItem(this.parentNode); return false;\\\\\\\">]]></HTML><HTML><![CDATA[<span>&nbsp;</span>]]></HTML><HTML><![CDATA[<a onfocus=\\\\\\\"OnChildItem(this.parentNode.parentNode); return false;\\\\\\\" onclick=\\\\\\\"PopMenuFromChevron(event); return false;\\\\\\\" href=\\\\\\\"javascript:;\\\\\\\" title=\\\\\\\"Open Menu\\\\\\\"></a>]]></HTML><HTML><![CDATA[<span>&nbsp;</span>]]></HTML><HTML><![CDATA[</div>]]></HTML></Default></FieldSwitch></DisplayPattern></Field>\\\"},{\\\"verb\\\":\\\"addSPFieldXml\\\",\\\"schemaXml\\\":\\\"<Field ID=\\\\\\\"{5f190d91-3dbc-4489-9878-3c092caf35b6}\\\\\\\" Hidden=\\\\\\\"TRUE\\\\\\\" ReadOnly=\\\\\\\"TRUE\\\\\\\" Type=\\\\\\\"Computed\\\\\\\" Name=\\\\\\\"LinkTitle2\\\\\\\" DisplayName=\\\\\\\"Department\\\\\\\" DisplayNameSrcField=\\\\\\\"Title\\\\\\\" ClassInfo=\\\\\\\"Menu\\\\\\\" AuthoringInfo=\\\\\\\"(linked to item with edit menu) (old)\\\\\\\" SourceID=\\\\\\\"http://schemas.microsoft.com/sharepoint/v3\\\\\\\" StaticName=\\\\\\\"LinkTitle2\\\\\\\" FromBaseType=\\\\\\\"TRUE\\\\\\\"><FieldRefs><FieldRef Name=\\\\\\\"Title\\\\\\\" /><FieldRef Name=\\\\\\\"LinkTitleNoMenu\\\\\\\" /><FieldRef Name=\\\\\\\"_EditMenuTableStart\\\\\\\" /><FieldRef Name=\\\\\\\"_EditMenuTableEnd\\\\\\\" /></FieldRefs><DisplayPattern><FieldSwitch><Expr><GetVar Name=\\\\\\\"FreeForm\\\\\\\" /></Expr><Case Value=\\\\\\\"TRUE\\\\\\\"><Field Name=\\\\\\\"LinkTitleNoMenu\\\\\\\" /></Case><Default><Field Name=\\\\\\\"_EditMenuTableStart\\\\\\\" /><SetVar Name=\\\\\\\"ShowAccessibleIcon\\\\\\\" Value=\\\\\\\"1\\\\\\\" /><Field Name=\\\\\\\"LinkTitleNoMenu\\\\\\\" /><SetVar Name=\\\\\\\"ShowAccessibleIcon\\\\\\\" Value=\\\\\\\"0\\\\\\\" /><Field Name=\\\\\\\"_EditMenuTableEnd\\\\\\\" /></Default></FieldSwitch></DisplayPattern></Field>\\\"},{\\\"verb\\\":\\\"addContentType\\\",\\\"name\\\":\\\"Item\\\",\\\"id\\\":\\\"0x01\\\",\\\"fieldRefsXml\\\":[\\\"<FieldRef ID=\\\\\\\"{fd4636c6-a337-49d5-8422-ae5e0914d094}\\\\\\\" Name=\\\\\\\"Employee\\\\\\\" DisplayName=\\\\\\\"Employee\\\\\\\" Required=\\\\\\\"TRUE\\\\\\\" Hidden=\\\\\\\"FALSE\\\\\\\" ReadOnly=\\\\\\\"FALSE\\\\\\\" PITarget=\\\\\\\"\\\\\\\" PrimaryPITarget=\\\\\\\"\\\\\\\" PIAttribute=\\\\\\\"\\\\\\\" PrimaryPIAttribute=\\\\\\\"\\\\\\\" Aggregation=\\\\\\\"\\\\\\\" Node=\\\\\\\"\\\\\\\" />\\\",\\\"<FieldRef ID=\\\\\\\"{08b406fb-b3ea-4920-806f-8f7a9b0e43f9}\\\\\\\" Name=\\\\\\\"Job_x0020_Title\\\\\\\" Required=\\\\\\\"TRUE\\\\\\\" />\\\",\\\"<FieldRef ID=\\\\\\\"{fa564e0f-0c70-4ab9-b863-0177e6ddd247}\\\\\\\" Name=\\\\\\\"Title\\\\\\\" DisplayName=\\\\\\\"Department\\\\\\\" Required=\\\\\\\"TRUE\\\\\\\" />\\\",\\\"<FieldRef ID=\\\\\\\"{a7099479-c266-495a-8585-9e6e3f32e00f}\\\\\\\" Name=\\\\\\\"Educator\\\\\\\" Required=\\\\\\\"TRUE\\\\\\\" />\\\",\\\"<FieldRef ID=\\\\\\\"{60f41a07-4c8f-4ac0-b87f-44b7240da501}\\\\\\\" Name=\\\\\\\"Primary_x0020_Preceptor\\\\\\\" Required=\\\\\\\"TRUE\\\\\\\" />\\\",\\\"<FieldRef ID=\\\\\\\"{732fc498-2e1d-40c4-bf1d-a1da3bf2f120}\\\\\\\" Name=\\\\\\\"Manager\\\\\\\" Required=\\\\\\\"TRUE\\\\\\\" />\\\",\\\"<FieldRef ID=\\\\\\\"{03577f04-01fc-4df5-9e9d-5bc88516134f}\\\\\\\" Name=\\\\\\\"Planned_x0020_Completion_x0020_D\\\\\\\" DisplayName=\\\\\\\"Planned Completion Date\\\\\\\" Required=\\\\\\\"TRUE\\\\\\\" Format=\\\\\\\"DateOnly\\\\\\\" />\\\",\\\"<FieldRef ID=\\\\\\\"{8e453442-ede0-4bbe-a9a0-14b87c665a6b}\\\\\\\" Name=\\\\\\\"Orientation_x0020_Start_x0020_Da\\\\\\\" DisplayName=\\\\\\\"Orientation Start Date\\\\\\\" Required=\\\\\\\"TRUE\\\\\\\" Format=\\\\\\\"DateOnly\\\\\\\" />\\\",\\\"<FieldRef ID=\\\\\\\"{85527b3d-da3b-4ba1-a769-372dea723203}\\\\\\\" Name=\\\\\\\"Active\\\\\\\" Required=\\\\\\\"TRUE\\\\\\\" />\\\",\\\"<FieldRef ID=\\\\\\\"{82642ec8-ef9b-478f-acf9-31f7d45fbc31}\\\\\\\" Name=\\\\\\\"LinkTitle\\\\\\\" DisplayName=\\\\\\\"Department\\\\\\\" ReadOnly=\\\\\\\"TRUE\\\\\\\" />\\\",\\\"<FieldRef ID=\\\\\\\"{c606ac26-29ef-4ac1-8777-268b124ef5a0}\\\\\\\" Name=\\\\\\\"AssessmentType\\\\\\\" Required=\\\\\\\"FALSE\\\\\\\" />\\\"]},{\\\"verb\\\":\\\"addContentType\\\",\\\"name\\\":\\\"Folder\\\",\\\"id\\\":\\\"0x0120\\\"},{\\\"verb\\\":\\\"addSPView\\\",\\\"name\\\":\\\"All Items\\\",\\\"viewFields\\\":[\\\"Employee\\\",\\\"Job_x0020_Title\\\",\\\"LinkTitle\\\",\\\"Primary_x0020_Preceptor\\\",\\\"Educator\\\",\\\"Manager\\\",\\\"Planned_x0020_Completion_x0020_D\\\",\\\"Orientation_x0020_Start_x0020_Da\\\",\\\"Active\\\",\\\"AssessmentType\\\",\\\"ID\\\"],\\\"query\\\":\\\"<OrderBy><FieldRef Name=\\\\\\\"Employee\\\\\\\" /><FieldRef Name=\\\\\\\"Educator\\\\\\\" /></OrderBy>\\\",\\\"rowLimit\\\":30,\\\"isPaged\\\":true,\\\"makeDefault\\\":true,\\\"replaceViewFields\\\":true}]}]}\"}"
              }
            ]
          }
        },
        "Learning_Tracker": {
          "runAfter": {
            "Students": [
              "Succeeded"
            ]
          },
          "metadata": {
            "operationMetadataId": "28525664-c044-4eb5-bad0-2ea24d650771"
          },
          "type": "InitializeVariable",
          "inputs": {
            "variables": [
              {
                "name": "Learning_Tracker",
                "type": "string",
                "value": "{\"script\": \"{\\\"actions\\\":[{\\\"verb\\\":\\\"createSPList\\\",\\\"listName\\\":\\\"Learning Tracker\\\",\\\"templateType\\\":100,\\\"color\\\":\\\"0\\\",\\\"icon\\\":\\\"2\\\",\\\"subactions\\\":[{\\\"verb\\\":\\\"addSPFieldXml\\\",\\\"schemaXml\\\":\\\"<Field ID=\\\\\\\"{fa564e0f-0c70-4ab9-b863-0177e6ddd247}\\\\\\\" Type=\\\\\\\"Text\\\\\\\" Name=\\\\\\\"Title\\\\\\\" DisplayName=\\\\\\\"Title\\\\\\\" Required=\\\\\\\"TRUE\\\\\\\" SourceID=\\\\\\\"http://schemas.microsoft.com/sharepoint/v3\\\\\\\" StaticName=\\\\\\\"Title\\\\\\\" FromBaseType=\\\\\\\"TRUE\\\\\\\" MaxLength=\\\\\\\"255\\\\\\\" />\\\"},{\\\"verb\\\":\\\"addSPLookupFieldXml\\\",\\\"schemaXml\\\":\\\"<Field Type=\\\\\\\"Lookup\\\\\\\" DisplayName=\\\\\\\"Employee_ID\\\\\\\" Required=\\\\\\\"TRUE\\\\\\\" EnforceUniqueValues=\\\\\\\"FALSE\\\\\\\" ShowField=\\\\\\\"ID\\\\\\\" UnlimitedLengthInDocumentLibrary=\\\\\\\"FALSE\\\\\\\" RelationshipDeleteBehavior=\\\\\\\"None\\\\\\\" ID=\\\\\\\"{8d0d4ef9-9ce4-40b9-8a44-3e90e931bb2b}\\\\\\\" StaticName=\\\\\\\"Employee_ID\\\\\\\" Name=\\\\\\\"Employee_ID\\\\\\\" Group=\\\\\\\"\\\\\\\" Hidden=\\\\\\\"FALSE\\\\\\\" Customization=\\\\\\\"\\\\\\\" ReadOnly=\\\\\\\"FALSE\\\\\\\" PITarget=\\\\\\\"\\\\\\\" PrimaryPITarget=\\\\\\\"\\\\\\\" PIAttribute=\\\\\\\"\\\\\\\" PrimaryPIAttribute=\\\\\\\"\\\\\\\" Aggregation=\\\\\\\"\\\\\\\" Node=\\\\\\\"\\\\\\\" />\\\",\\\"targetListName\\\":\\\"Students\\\"},{\\\"verb\\\":\\\"addSPFieldXml\\\",\\\"schemaXml\\\":\\\"<Field Type=\\\\\\\"Note\\\\\\\" DisplayName=\\\\\\\"Notes\\\\\\\" Required=\\\\\\\"FALSE\\\\\\\" EnforceUniqueValues=\\\\\\\"FALSE\\\\\\\" Indexed=\\\\\\\"FALSE\\\\\\\" NumLines=\\\\\\\"6\\\\\\\" RichText=\\\\\\\"TRUE\\\\\\\" RichTextMode=\\\\\\\"FullHtml\\\\\\\" IsolateStyles=\\\\\\\"TRUE\\\\\\\" AppendOnly=\\\\\\\"FALSE\\\\\\\" Sortable=\\\\\\\"FALSE\\\\\\\" ID=\\\\\\\"{4552f13d-3da7-4ae2-b13c-ecef628ee603}\\\\\\\" StaticName=\\\\\\\"Notes\\\\\\\" Name=\\\\\\\"Notes\\\\\\\" CustomFormatter=\\\\\\\"\\\\\\\" RestrictedMode=\\\\\\\"TRUE\\\\\\\" />\\\"},{\\\"verb\\\":\\\"addSPLookupFieldXml\\\",\\\"schemaXml\\\":\\\"<Field Type=\\\\\\\"Lookup\\\\\\\" DisplayName=\\\\\\\"Employee_ID:ID\\\\\\\" ShowField=\\\\\\\"ID\\\\\\\" FieldRef=\\\\\\\"8d0d4ef9-9ce4-40b9-8a44-3e90e931bb2b\\\\\\\" ReadOnly=\\\\\\\"TRUE\\\\\\\" UnlimitedLengthInDocumentLibrary=\\\\\\\"FALSE\\\\\\\" ID=\\\\\\\"{5d1a6069-e92b-4844-8c77-69223cf6d372}\\\\\\\" StaticName=\\\\\\\"Employee_ID_x003a_ID\\\\\\\" Name=\\\\\\\"Employee_ID_x003a_ID\\\\\\\" />\\\",\\\"targetListName\\\":\\\"Students\\\"},{\\\"verb\\\":\\\"addSPFieldXml\\\",\\\"schemaXml\\\":\\\"<Field Type=\\\\\\\"Text\\\\\\\" DisplayName=\\\\\\\"CreatorEmail\\\\\\\" Required=\\\\\\\"FALSE\\\\\\\" EnforceUniqueValues=\\\\\\\"FALSE\\\\\\\" Indexed=\\\\\\\"FALSE\\\\\\\" MaxLength=\\\\\\\"255\\\\\\\" ID=\\\\\\\"{0e5678e8-c3a0-4256-9982-3e189e259592}\\\\\\\" StaticName=\\\\\\\"CreatorEmail\\\\\\\" Name=\\\\\\\"CreatorEmail\\\\\\\" />\\\"},{\\\"verb\\\":\\\"addSPFieldXml\\\",\\\"schemaXml\\\":\\\"<Field Type=\\\\\\\"Choice\\\\\\\" DisplayName=\\\\\\\"Active\\\\\\\" Required=\\\\\\\"TRUE\\\\\\\" EnforceUniqueValues=\\\\\\\"FALSE\\\\\\\" Indexed=\\\\\\\"FALSE\\\\\\\" Format=\\\\\\\"Dropdown\\\\\\\" FillInChoice=\\\\\\\"FALSE\\\\\\\" ID=\\\\\\\"{9b2489e7-adc9-43dc-83fc-b3ae8f59f6f7}\\\\\\\" StaticName=\\\\\\\"Active\\\\\\\" Name=\\\\\\\"Active\\\\\\\"><Default>Yes</Default><CHOICES><CHOICE>Yes</CHOICE><CHOICE>No</CHOICE></CHOICES></Field>\\\"},{\\\"verb\\\":\\\"addSPFieldXml\\\",\\\"schemaXml\\\":\\\"<Field ID=\\\\\\\"{82642ec8-ef9b-478f-acf9-31f7d45fbc31}\\\\\\\" ReadOnly=\\\\\\\"TRUE\\\\\\\" Type=\\\\\\\"Computed\\\\\\\" Name=\\\\\\\"LinkTitle\\\\\\\" DisplayName=\\\\\\\"Title\\\\\\\" DisplayNameSrcField=\\\\\\\"Title\\\\\\\" ClassInfo=\\\\\\\"Menu\\\\\\\" AuthoringInfo=\\\\\\\"(linked to item with edit menu)\\\\\\\" ListItemMenuAllowed=\\\\\\\"Required\\\\\\\" LinkToItemAllowed=\\\\\\\"Prohibited\\\\\\\" SourceID=\\\\\\\"http://schemas.microsoft.com/sharepoint/v3\\\\\\\" StaticName=\\\\\\\"LinkTitle\\\\\\\" FromBaseType=\\\\\\\"TRUE\\\\\\\"><FieldRefs><FieldRef Name=\\\\\\\"Title\\\\\\\" /><FieldRef Name=\\\\\\\"LinkTitleNoMenu\\\\\\\" /><FieldRef Name=\\\\\\\"_EditMenuTableStart2\\\\\\\" /><FieldRef Name=\\\\\\\"_EditMenuTableEnd\\\\\\\" /></FieldRefs><DisplayPattern><FieldSwitch><Expr><GetVar Name=\\\\\\\"FreeForm\\\\\\\" /></Expr><Case Value=\\\\\\\"TRUE\\\\\\\"><Field Name=\\\\\\\"LinkTitleNoMenu\\\\\\\" /></Case><Default><HTML><![CDATA[<div class=\\\\\\\"ms-vb itx\\\\\\\" onmouseover=\\\\\\\"OnItem(this)\\\\\\\" CTXName=\\\\\\\"ctx]]></HTML><Field Name=\\\\\\\"_EditMenuTableStart2\\\\\\\" /><HTML><![CDATA[\\\\\\\">]]></HTML><Field Name=\\\\\\\"LinkTitleNoMenu\\\\\\\" /><HTML><![CDATA[</div>]]></HTML><HTML><![CDATA[<div class=\\\\\\\"s4-ctx\\\\\\\" onmouseover=\\\\\\\"OnChildItem(this.parentNode); return false;\\\\\\\">]]></HTML><HTML><![CDATA[<span>&nbsp;</span>]]></HTML><HTML><![CDATA[<a onfocus=\\\\\\\"OnChildItem(this.parentNode.parentNode); return false;\\\\\\\" onclick=\\\\\\\"PopMenuFromChevron(event); return false;\\\\\\\" href=\\\\\\\"javascript:;\\\\\\\" title=\\\\\\\"Open Menu\\\\\\\"></a>]]></HTML><HTML><![CDATA[<span>&nbsp;</span>]]></HTML><HTML><![CDATA[</div>]]></HTML></Default></FieldSwitch></DisplayPattern></Field>\\\"},{\\\"verb\\\":\\\"addContentType\\\",\\\"name\\\":\\\"Item\\\",\\\"id\\\":\\\"0x01\\\",\\\"fieldRefsXml\\\":[\\\"<FieldRef ID=\\\\\\\"{fa564e0f-0c70-4ab9-b863-0177e6ddd247}\\\\\\\" Name=\\\\\\\"Title\\\\\\\" />\\\",\\\"<FieldRef ID=\\\\\\\"{82642ec8-ef9b-478f-acf9-31f7d45fbc31}\\\\\\\" Name=\\\\\\\"LinkTitle\\\\\\\" DisplayName=\\\\\\\"Title\\\\\\\" ReadOnly=\\\\\\\"TRUE\\\\\\\" />\\\",\\\"<FieldRef ID=\\\\\\\"{8d0d4ef9-9ce4-40b9-8a44-3e90e931bb2b}\\\\\\\" Name=\\\\\\\"Employee_ID\\\\\\\" DisplayName=\\\\\\\"Employee_ID\\\\\\\" Required=\\\\\\\"TRUE\\\\\\\" Hidden=\\\\\\\"FALSE\\\\\\\" ReadOnly=\\\\\\\"FALSE\\\\\\\" PITarget=\\\\\\\"\\\\\\\" PrimaryPITarget=\\\\\\\"\\\\\\\" PIAttribute=\\\\\\\"\\\\\\\" PrimaryPIAttribute=\\\\\\\"\\\\\\\" Aggregation=\\\\\\\"\\\\\\\" Node=\\\\\\\"\\\\\\\" />\\\",\\\"<FieldRef ID=\\\\\\\"{4552f13d-3da7-4ae2-b13c-ecef628ee603}\\\\\\\" Name=\\\\\\\"Notes\\\\\\\" DisplayName=\\\\\\\"Notes\\\\\\\" Required=\\\\\\\"FALSE\\\\\\\" />\\\",\\\"<FieldRef ID=\\\\\\\"{5d1a6069-e92b-4844-8c77-69223cf6d372}\\\\\\\" Name=\\\\\\\"Employee_ID_x003a_ID\\\\\\\" DisplayName=\\\\\\\"Employee_ID:ID\\\\\\\" ReadOnly=\\\\\\\"TRUE\\\\\\\" />\\\",\\\"<FieldRef ID=\\\\\\\"{0e5678e8-c3a0-4256-9982-3e189e259592}\\\\\\\" Name=\\\\\\\"CreatorEmail\\\\\\\" Required=\\\\\\\"FALSE\\\\\\\" />\\\",\\\"<FieldRef ID=\\\\\\\"{9b2489e7-adc9-43dc-83fc-b3ae8f59f6f7}\\\\\\\" Name=\\\\\\\"Active\\\\\\\" Required=\\\\\\\"TRUE\\\\\\\" />\\\"]},{\\\"verb\\\":\\\"addContentType\\\",\\\"name\\\":\\\"Folder\\\",\\\"id\\\":\\\"0x0120\\\"},{\\\"verb\\\":\\\"addSPView\\\",\\\"name\\\":\\\"All Items\\\",\\\"viewFields\\\":[\\\"LinkTitle\\\",\\\"Employee_ID\\\",\\\"Notes\\\",\\\"Employee_ID_x003a_ID\\\",\\\"CreatorEmail\\\",\\\"Active\\\",\\\"Modified\\\"],\\\"query\\\":\\\"\\\",\\\"rowLimit\\\":30,\\\"isPaged\\\":true,\\\"makeDefault\\\":true,\\\"replaceViewFields\\\":true}]}]}\"}"
              }
            ]
          }
        },
        "Skill_Assignment": {
          "runAfter": {
            "Learning_Tracker": [
              "Succeeded"
            ]
          },
          "metadata": {
            "operationMetadataId": "919ccc52-8b34-4f03-849e-29858ea7756a"
          },
          "type": "InitializeVariable",
          "inputs": {
            "variables": [
              {
                "name": "Sill_Assignment",
                "type": "string",
                "value": "{\"script\": \"{\\\"actions\\\":[{\\\"verb\\\":\\\"createSPList\\\",\\\"listName\\\":\\\"Skill Assignment\\\",\\\"templateType\\\":100,\\\"color\\\":\\\"0\\\",\\\"icon\\\":\\\"2\\\",\\\"subactions\\\":[{\\\"verb\\\":\\\"addSPFieldXml\\\",\\\"schemaXml\\\":\\\"<Field ID=\\\\\\\"{fa564e0f-0c70-4ab9-b863-0177e6ddd247}\\\\\\\" Type=\\\\\\\"Text\\\\\\\" Name=\\\\\\\"Title\\\\\\\" DisplayName=\\\\\\\"Title\\\\\\\" Required=\\\\\\\"TRUE\\\\\\\" SourceID=\\\\\\\"http://schemas.microsoft.com/sharepoint/v3\\\\\\\" StaticName=\\\\\\\"Title\\\\\\\" FromBaseType=\\\\\\\"TRUE\\\\\\\" MaxLength=\\\\\\\"255\\\\\\\" />\\\"},{\\\"verb\\\":\\\"addSPLookupFieldXml\\\",\\\"schemaXml\\\":\\\"<Field Type=\\\\\\\"Lookup\\\\\\\" DisplayName=\\\\\\\"EmployeeList_ID\\\\\\\" Required=\\\\\\\"TRUE\\\\\\\" EnforceUniqueValues=\\\\\\\"FALSE\\\\\\\" ShowField=\\\\\\\"ID\\\\\\\" UnlimitedLengthInDocumentLibrary=\\\\\\\"FALSE\\\\\\\" RelationshipDeleteBehavior=\\\\\\\"None\\\\\\\" ID=\\\\\\\"{21d78afe-dece-4665-85d4-a3781a3a3510}\\\\\\\" StaticName=\\\\\\\"EmployeeList_ID\\\\\\\" Name=\\\\\\\"EmployeeList_ID\\\\\\\" Group=\\\\\\\"\\\\\\\" Hidden=\\\\\\\"FALSE\\\\\\\" ReadOnly=\\\\\\\"FALSE\\\\\\\" PITarget=\\\\\\\"\\\\\\\" PrimaryPITarget=\\\\\\\"\\\\\\\" PIAttribute=\\\\\\\"\\\\\\\" PrimaryPIAttribute=\\\\\\\"\\\\\\\" Aggregation=\\\\\\\"\\\\\\\" Node=\\\\\\\"\\\\\\\" />\\\",\\\"targetListName\\\":\\\"Students\\\"},{\\\"verb\\\":\\\"addSPFieldXml\\\",\\\"schemaXml\\\":\\\"<Field Type=\\\\\\\"Choice\\\\\\\" DisplayName=\\\\\\\"Initial_Assessment\\\\\\\" Description=\\\\\\\"Initial Self-Assessment\\\\\\\" Required=\\\\\\\"TRUE\\\\\\\" EnforceUniqueValues=\\\\\\\"FALSE\\\\\\\" Indexed=\\\\\\\"FALSE\\\\\\\" Format=\\\\\\\"Dropdown\\\\\\\" FillInChoice=\\\\\\\"FALSE\\\\\\\" ID=\\\\\\\"{287a1192-f0da-41da-9412-398abf722fc3}\\\\\\\" StaticName=\\\\\\\"Initial_Assessment\\\\\\\" Name=\\\\\\\"Initial_Assessment\\\\\\\"><Default>None Selected</Default><CHOICES><CHOICE>None Selected</CHOICE><CHOICE>I can perform this skill/task independently and successfully and I do not need additional training or education</CHOICE><CHOICE>I need to practice this skill/task and perform it under the supervision of a preceptor, educator, or co-worker</CHOICE><CHOICE>I need to learn this skill/task, practice it, and perform it under the supervision of a preceptor, educator, or co-worker</CHOICE></CHOICES></Field>\\\"},{\\\"verb\\\":\\\"addSPFieldXml\\\",\\\"schemaXml\\\":\\\"<Field Type=\\\\\\\"Choice\\\\\\\" DisplayName=\\\\\\\"Post_Assessment\\\\\\\" Required=\\\\\\\"TRUE\\\\\\\" EnforceUniqueValues=\\\\\\\"FALSE\\\\\\\" Indexed=\\\\\\\"FALSE\\\\\\\" Format=\\\\\\\"Dropdown\\\\\\\" FillInChoice=\\\\\\\"FALSE\\\\\\\" ID=\\\\\\\"{66e51cb4-4dbf-45a4-be92-39f84f812611}\\\\\\\" StaticName=\\\\\\\"Post_Assessment\\\\\\\" Name=\\\\\\\"Post_Assessment\\\\\\\" CustomFormatter=\\\\\\\"\\\\\\\"><Default>None Selected</Default><CHOICES><CHOICE>None Selected</CHOICE><CHOICE>I can perform this skill/task independently and successfully and I do not need additional training or education</CHOICE><CHOICE>I have had no opportunity to perform this skill/task during orientation, but have discussed it and can demonstrate knowledge and understanding  (This option is only for those skills/tasks that are rarely performed and for post-assessment only)</CHOICE></CHOICES></Field>\\\"},{\\\"verb\\\":\\\"addSPFieldXml\\\",\\\"schemaXml\\\":\\\"<Field Type=\\\\\\\"DateTime\\\\\\\" DisplayName=\\\\\\\"Preceptor_Initial_Date\\\\\\\" Required=\\\\\\\"FALSE\\\\\\\" EnforceUniqueValues=\\\\\\\"FALSE\\\\\\\" Indexed=\\\\\\\"FALSE\\\\\\\" Format=\\\\\\\"DateOnly\\\\\\\" FriendlyDisplayFormat=\\\\\\\"Disabled\\\\\\\" ID=\\\\\\\"{a1465eb8-9f70-446e-a8a6-a127b1df81e2}\\\\\\\" StaticName=\\\\\\\"Preceptor_Initial_Date\\\\\\\" Name=\\\\\\\"Preceptor_Initial_Date\\\\\\\" CustomFormatter=\\\\\\\"\\\\\\\" CalType=\\\\\\\"0\\\\\\\" />\\\"},{\\\"verb\\\":\\\"addSPFieldXml\\\",\\\"schemaXml\\\":\\\"<Field Type=\\\\\\\"DateTime\\\\\\\" DisplayName=\\\\\\\"Preceptor_Verification_Date\\\\\\\" Required=\\\\\\\"FALSE\\\\\\\" EnforceUniqueValues=\\\\\\\"FALSE\\\\\\\" Indexed=\\\\\\\"FALSE\\\\\\\" Format=\\\\\\\"DateOnly\\\\\\\" FriendlyDisplayFormat=\\\\\\\"Disabled\\\\\\\" ID=\\\\\\\"{2b4faa4c-2a27-49b4-b586-e06f3e8ae5b4}\\\\\\\" StaticName=\\\\\\\"Preceptor_Verification_Date\\\\\\\" Name=\\\\\\\"Preceptor_Verification_Date\\\\\\\" CustomFormatter=\\\\\\\"\\\\\\\" CalType=\\\\\\\"0\\\\\\\" />\\\"},{\\\"verb\\\":\\\"addSPFieldXml\\\",\\\"schemaXml\\\":\\\"<Field Type=\\\\\\\"DateTime\\\\\\\" DisplayName=\\\\\\\"Post_Assessment_Date\\\\\\\" Required=\\\\\\\"FALSE\\\\\\\" EnforceUniqueValues=\\\\\\\"FALSE\\\\\\\" Indexed=\\\\\\\"FALSE\\\\\\\" Format=\\\\\\\"DateOnly\\\\\\\" FriendlyDisplayFormat=\\\\\\\"Disabled\\\\\\\" ID=\\\\\\\"{12b82824-7478-4a0a-9505-cac14cb1e9f0}\\\\\\\" StaticName=\\\\\\\"Post_Assessment_Date\\\\\\\" Name=\\\\\\\"Post_Assessment_Date\\\\\\\" />\\\"},{\\\"verb\\\":\\\"addSPLookupFieldXml\\\",\\\"schemaXml\\\":\\\"<Field Type=\\\\\\\"Lookup\\\\\\\" DisplayName=\\\\\\\"Skill\\\\\\\" Required=\\\\\\\"FALSE\\\\\\\" EnforceUniqueValues=\\\\\\\"FALSE\\\\\\\" ShowField=\\\\\\\"ID\\\\\\\" UnlimitedLengthInDocumentLibrary=\\\\\\\"FALSE\\\\\\\" RelationshipDeleteBehavior=\\\\\\\"None\\\\\\\" ID=\\\\\\\"{60a46161-db31-4913-ab1f-256177d1a74a}\\\\\\\" StaticName=\\\\\\\"Skill\\\\\\\" Name=\\\\\\\"Skill\\\\\\\" Group=\\\\\\\"\\\\\\\" Hidden=\\\\\\\"FALSE\\\\\\\" ReadOnly=\\\\\\\"FALSE\\\\\\\" PITarget=\\\\\\\"\\\\\\\" PrimaryPITarget=\\\\\\\"\\\\\\\" PIAttribute=\\\\\\\"\\\\\\\" PrimaryPIAttribute=\\\\\\\"\\\\\\\" Aggregation=\\\\\\\"\\\\\\\" Node=\\\\\\\"\\\\\\\" />\\\",\\\"targetListName\\\":\\\"Skills List\\\"},{\\\"verb\\\":\\\"addSPLookupFieldXml\\\",\\\"schemaXml\\\":\\\"<Field Type=\\\\\\\"Lookup\\\\\\\" DisplayName=\\\\\\\"Skill:Title\\\\\\\" ShowField=\\\\\\\"Title\\\\\\\" FieldRef=\\\\\\\"60a46161-db31-4913-ab1f-256177d1a74a\\\\\\\" ReadOnly=\\\\\\\"TRUE\\\\\\\" UnlimitedLengthInDocumentLibrary=\\\\\\\"FALSE\\\\\\\" ID=\\\\\\\"{3cc1f05e-0f95-4920-ae37-031790d94018}\\\\\\\" StaticName=\\\\\\\"Skill_x003a_Title\\\\\\\" Name=\\\\\\\"Skill_x003a_Title\\\\\\\" Group=\\\\\\\"Custom Columns\\\\\\\" Required=\\\\\\\"FALSE\\\\\\\" Hidden=\\\\\\\"FALSE\\\\\\\" PITarget=\\\\\\\"\\\\\\\" PrimaryPITarget=\\\\\\\"\\\\\\\" PIAttribute=\\\\\\\"\\\\\\\" PrimaryPIAttribute=\\\\\\\"\\\\\\\" Aggregation=\\\\\\\"\\\\\\\" Node=\\\\\\\"\\\\\\\" />\\\",\\\"targetListName\\\":\\\"Skills List\\\"},{\\\"verb\\\":\\\"addSPLookupFieldXml\\\",\\\"schemaXml\\\":\\\"<Field Type=\\\\\\\"Lookup\\\\\\\" DisplayName=\\\\\\\"Skill:Group\\\\\\\" ShowField=\\\\\\\"field_1\\\\\\\" FieldRef=\\\\\\\"60a46161-db31-4913-ab1f-256177d1a74a\\\\\\\" ReadOnly=\\\\\\\"TRUE\\\\\\\" UnlimitedLengthInDocumentLibrary=\\\\\\\"FALSE\\\\\\\" ID=\\\\\\\"{ddcd7709-519e-491f-985e-6d988a3ec590}\\\\\\\" StaticName=\\\\\\\"Skill_x003a_Group\\\\\\\" Name=\\\\\\\"Skill_x003a_Group\\\\\\\" Group=\\\\\\\"Custom Columns\\\\\\\" Required=\\\\\\\"FALSE\\\\\\\" Hidden=\\\\\\\"FALSE\\\\\\\" PITarget=\\\\\\\"\\\\\\\" PrimaryPITarget=\\\\\\\"\\\\\\\" PIAttribute=\\\\\\\"\\\\\\\" PrimaryPIAttribute=\\\\\\\"\\\\\\\" Aggregation=\\\\\\\"\\\\\\\" Node=\\\\\\\"\\\\\\\" />\\\",\\\"targetListName\\\":\\\"Skills List\\\"},{\\\"verb\\\":\\\"addSPLookupFieldXml\\\",\\\"schemaXml\\\":\\\"<Field Type=\\\\\\\"Lookup\\\\\\\" DisplayName=\\\\\\\"EmployeeList_ID:ID\\\\\\\" ShowField=\\\\\\\"ID\\\\\\\" FieldRef=\\\\\\\"21d78afe-dece-4665-85d4-a3781a3a3510\\\\\\\" ReadOnly=\\\\\\\"TRUE\\\\\\\" UnlimitedLengthInDocumentLibrary=\\\\\\\"FALSE\\\\\\\" ID=\\\\\\\"{c75cde15-af27-4b31-9261-3a12af11d07d}\\\\\\\" StaticName=\\\\\\\"EmployeeList_ID_x003a_ID\\\\\\\" Name=\\\\\\\"EmployeeList_ID_x003a_ID\\\\\\\" />\\\",\\\"targetListName\\\":\\\"Students\\\"},{\\\"verb\\\":\\\"addSPFieldXml\\\",\\\"schemaXml\\\":\\\"<Field Type=\\\\\\\"Text\\\\\\\" DisplayName=\\\\\\\"SkillGroupTxt\\\\\\\" Required=\\\\\\\"FALSE\\\\\\\" EnforceUniqueValues=\\\\\\\"FALSE\\\\\\\" Indexed=\\\\\\\"FALSE\\\\\\\" MaxLength=\\\\\\\"255\\\\\\\" ID=\\\\\\\"{ef10734d-4cbb-41cb-b08d-9a339e923aac}\\\\\\\" StaticName=\\\\\\\"SkillGroupTxt\\\\\\\" Name=\\\\\\\"SkillGroupTxt\\\\\\\" />\\\"},{\\\"verb\\\":\\\"addSPFieldXml\\\",\\\"schemaXml\\\":\\\"<Field Type=\\\\\\\"User\\\\\\\" DisplayName=\\\\\\\"Preceptor_Initial_Name_Lookup\\\\\\\" List=\\\\\\\"UserInfo\\\\\\\" Required=\\\\\\\"FALSE\\\\\\\" EnforceUniqueValues=\\\\\\\"FALSE\\\\\\\" ShowField=\\\\\\\"ImnName\\\\\\\" UserSelectionMode=\\\\\\\"PeopleOnly\\\\\\\" UserSelectionScope=\\\\\\\"0\\\\\\\" ID=\\\\\\\"{52d70d1e-9465-4241-b0e7-a94153019cd5}\\\\\\\" StaticName=\\\\\\\"Preceptor_Initial_Name_Lookup\\\\\\\" Name=\\\\\\\"Preceptor_Initial_Name_Lookup\\\\\\\" />\\\"},{\\\"verb\\\":\\\"addSPFieldXml\\\",\\\"schemaXml\\\":\\\"<Field Type=\\\\\\\"User\\\\\\\" DisplayName=\\\\\\\"Preceptor_Verificationl_Name_Lookup\\\\\\\" List=\\\\\\\"UserInfo\\\\\\\" Required=\\\\\\\"FALSE\\\\\\\" EnforceUniqueValues=\\\\\\\"FALSE\\\\\\\" ShowField=\\\\\\\"ImnName\\\\\\\" UserSelectionMode=\\\\\\\"PeopleOnly\\\\\\\" UserSelectionScope=\\\\\\\"0\\\\\\\" ID=\\\\\\\"{138207c2-0fd2-44c9-a88c-ae6669fddc92}\\\\\\\" StaticName=\\\\\\\"Preceptor_Verificationl_Name_Loo\\\\\\\" Name=\\\\\\\"Preceptor_Verificationl_Name_Loo\\\\\\\" />\\\"},{\\\"verb\\\":\\\"addSPLookupFieldXml\\\",\\\"schemaXml\\\":\\\"<Field Type=\\\\\\\"Lookup\\\\\\\" DisplayName=\\\\\\\"Skill:Training_Materials\\\\\\\" ShowField=\\\\\\\"Training_Materials\\\\\\\" FieldRef=\\\\\\\"60a46161-db31-4913-ab1f-256177d1a74a\\\\\\\" ReadOnly=\\\\\\\"TRUE\\\\\\\" UnlimitedLengthInDocumentLibrary=\\\\\\\"FALSE\\\\\\\" ID=\\\\\\\"{0521109e-af64-461e-a9af-308f724856a4}\\\\\\\" StaticName=\\\\\\\"Skill_x003a_Training_Materials\\\\\\\" Name=\\\\\\\"Skill_x003a_Training_Materials\\\\\\\" Group=\\\\\\\"Custom Columns\\\\\\\" Required=\\\\\\\"FALSE\\\\\\\" Hidden=\\\\\\\"FALSE\\\\\\\" Customization=\\\\\\\"\\\\\\\" PITarget=\\\\\\\"\\\\\\\" PrimaryPITarget=\\\\\\\"\\\\\\\" PIAttribute=\\\\\\\"\\\\\\\" PrimaryPIAttribute=\\\\\\\"\\\\\\\" Aggregation=\\\\\\\"\\\\\\\" Node=\\\\\\\"\\\\\\\" />\\\",\\\"targetListName\\\":\\\"Skills List\\\"},{\\\"verb\\\":\\\"addSPFieldXml\\\",\\\"schemaXml\\\":\\\"<Field Type=\\\\\\\"MultiChoice\\\\\\\" DisplayName=\\\\\\\"Preceptor_Verification_MultiMOV\\\\\\\" Required=\\\\\\\"FALSE\\\\\\\" EnforceUniqueValues=\\\\\\\"FALSE\\\\\\\" Indexed=\\\\\\\"FALSE\\\\\\\" FillInChoice=\\\\\\\"FALSE\\\\\\\" ID=\\\\\\\"{3e84f5dd-02aa-49d4-99a1-a4b34a7055b2}\\\\\\\" StaticName=\\\\\\\"Preceptor_Verification_MultiMOV\\\\\\\" Name=\\\\\\\"Preceptor_Verification_MultiMOV\\\\\\\" CustomFormatter=\\\\\\\"\\\\\\\"><CHOICES><CHOICE>Evidence of Daily Work</CHOICE><CHOICE>Mock Event/surveys</CHOICE><CHOICE>Self-assessment</CHOICE><CHOICE>Discussion/reflection groups</CHOICE><CHOICE>Quality Improvement monitors</CHOICE><CHOICE>Return demonstration</CHOICE><CHOICE>Peer review</CHOICE><CHOICE>Case studies</CHOICE><CHOICE>Test/exam</CHOICE><CHOICE>Exemplars</CHOICE><CHOICE>Presentations</CHOICE><CHOICE>Computer Based Training modules</CHOICE><CHOICE>Peak development/self-study modules</CHOICE><CHOICE>Certification in areas of practice</CHOICE></CHOICES></Field>\\\"},{\\\"verb\\\":\\\"addSPFieldXml\\\",\\\"schemaXml\\\":\\\"<Field Type=\\\\\\\"Text\\\\\\\" DisplayName=\\\\\\\"SkillTitleText\\\\\\\" Required=\\\\\\\"FALSE\\\\\\\" EnforceUniqueValues=\\\\\\\"FALSE\\\\\\\" Indexed=\\\\\\\"FALSE\\\\\\\" MaxLength=\\\\\\\"255\\\\\\\" ID=\\\\\\\"{da969459-1dfe-470b-9aa8-44f09f2fe804}\\\\\\\" StaticName=\\\\\\\"SkillTitleText\\\\\\\" Name=\\\\\\\"SkillTitleText\\\\\\\" />\\\"},{\\\"verb\\\":\\\"addSPLookupFieldXml\\\",\\\"schemaXml\\\":\\\"<Field Type=\\\\\\\"Lookup\\\\\\\" DisplayName=\\\\\\\"Skill:Policy_Link\\\\\\\" ShowField=\\\\\\\"Policy_Link\\\\\\\" FieldRef=\\\\\\\"60a46161-db31-4913-ab1f-256177d1a74a\\\\\\\" ReadOnly=\\\\\\\"TRUE\\\\\\\" UnlimitedLengthInDocumentLibrary=\\\\\\\"FALSE\\\\\\\" ID=\\\\\\\"{363baec2-7d11-4254-98dc-dba8bdb90572}\\\\\\\" StaticName=\\\\\\\"Skill_x003a_Policy_Link\\\\\\\" Name=\\\\\\\"Skill_x003a_Policy_Link\\\\\\\" />\\\",\\\"targetListName\\\":\\\"Skills List\\\"},{\\\"verb\\\":\\\"addSPFieldXml\\\",\\\"schemaXml\\\":\\\"<Field ID=\\\\\\\"{82642ec8-ef9b-478f-acf9-31f7d45fbc31}\\\\\\\" ReadOnly=\\\\\\\"TRUE\\\\\\\" Type=\\\\\\\"Computed\\\\\\\" Name=\\\\\\\"LinkTitle\\\\\\\" DisplayName=\\\\\\\"Title\\\\\\\" DisplayNameSrcField=\\\\\\\"Title\\\\\\\" ClassInfo=\\\\\\\"Menu\\\\\\\" AuthoringInfo=\\\\\\\"(linked to item with edit menu)\\\\\\\" ListItemMenuAllowed=\\\\\\\"Required\\\\\\\" LinkToItemAllowed=\\\\\\\"Prohibited\\\\\\\" SourceID=\\\\\\\"http://schemas.microsoft.com/sharepoint/v3\\\\\\\" StaticName=\\\\\\\"LinkTitle\\\\\\\" FromBaseType=\\\\\\\"TRUE\\\\\\\"><FieldRefs><FieldRef Name=\\\\\\\"Title\\\\\\\" /><FieldRef Name=\\\\\\\"LinkTitleNoMenu\\\\\\\" /><FieldRef Name=\\\\\\\"_EditMenuTableStart2\\\\\\\" /><FieldRef Name=\\\\\\\"_EditMenuTableEnd\\\\\\\" /></FieldRefs><DisplayPattern><FieldSwitch><Expr><GetVar Name=\\\\\\\"FreeForm\\\\\\\" /></Expr><Case Value=\\\\\\\"TRUE\\\\\\\"><Field Name=\\\\\\\"LinkTitleNoMenu\\\\\\\" /></Case><Default><HTML><![CDATA[<div class=\\\\\\\"ms-vb itx\\\\\\\" onmouseover=\\\\\\\"OnItem(this)\\\\\\\" CTXName=\\\\\\\"ctx]]></HTML><Field Name=\\\\\\\"_EditMenuTableStart2\\\\\\\" /><HTML><![CDATA[\\\\\\\">]]></HTML><Field Name=\\\\\\\"LinkTitleNoMenu\\\\\\\" /><HTML><![CDATA[</div>]]></HTML><HTML><![CDATA[<div class=\\\\\\\"s4-ctx\\\\\\\" onmouseover=\\\\\\\"OnChildItem(this.parentNode); return false;\\\\\\\">]]></HTML><HTML><![CDATA[<span>&nbsp;</span>]]></HTML><HTML><![CDATA[<a onfocus=\\\\\\\"OnChildItem(this.parentNode.parentNode); return false;\\\\\\\" onclick=\\\\\\\"PopMenuFromChevron(event); return false;\\\\\\\" href=\\\\\\\"javascript:;\\\\\\\" title=\\\\\\\"Open Menu\\\\\\\"></a>]]></HTML><HTML><![CDATA[<span>&nbsp;</span>]]></HTML><HTML><![CDATA[</div>]]></HTML></Default></FieldSwitch></DisplayPattern></Field>\\\"},{\\\"verb\\\":\\\"addContentType\\\",\\\"name\\\":\\\"Item\\\",\\\"id\\\":\\\"0x01\\\",\\\"fieldRefsXml\\\":[\\\"<FieldRef ID=\\\\\\\"{fa564e0f-0c70-4ab9-b863-0177e6ddd247}\\\\\\\" Name=\\\\\\\"Title\\\\\\\" />\\\",\\\"<FieldRef ID=\\\\\\\"{82642ec8-ef9b-478f-acf9-31f7d45fbc31}\\\\\\\" Name=\\\\\\\"LinkTitle\\\\\\\" DisplayName=\\\\\\\"Title\\\\\\\" ReadOnly=\\\\\\\"TRUE\\\\\\\" />\\\",\\\"<FieldRef ID=\\\\\\\"{21d78afe-dece-4665-85d4-a3781a3a3510}\\\\\\\" Name=\\\\\\\"EmployeeList_ID\\\\\\\" DisplayName=\\\\\\\"EmployeeList_ID\\\\\\\" Required=\\\\\\\"TRUE\\\\\\\" Hidden=\\\\\\\"FALSE\\\\\\\" ReadOnly=\\\\\\\"FALSE\\\\\\\" PITarget=\\\\\\\"\\\\\\\" PrimaryPITarget=\\\\\\\"\\\\\\\" PIAttribute=\\\\\\\"\\\\\\\" PrimaryPIAttribute=\\\\\\\"\\\\\\\" Aggregation=\\\\\\\"\\\\\\\" Node=\\\\\\\"\\\\\\\" />\\\",\\\"<FieldRef ID=\\\\\\\"{287a1192-f0da-41da-9412-398abf722fc3}\\\\\\\" Name=\\\\\\\"Initial_Assessment\\\\\\\" Required=\\\\\\\"TRUE\\\\\\\" />\\\",\\\"<FieldRef ID=\\\\\\\"{66e51cb4-4dbf-45a4-be92-39f84f812611}\\\\\\\" Name=\\\\\\\"Post_Assessment\\\\\\\" DisplayName=\\\\\\\"Post_Assessment\\\\\\\" Required=\\\\\\\"TRUE\\\\\\\" Format=\\\\\\\"Dropdown\\\\\\\" />\\\",\\\"<FieldRef ID=\\\\\\\"{a1465eb8-9f70-446e-a8a6-a127b1df81e2}\\\\\\\" Name=\\\\\\\"Preceptor_Initial_Date\\\\\\\" DisplayName=\\\\\\\"Preceptor_Initial_Date\\\\\\\" Required=\\\\\\\"FALSE\\\\\\\" Format=\\\\\\\"DateOnly\\\\\\\" />\\\",\\\"<FieldRef ID=\\\\\\\"{2b4faa4c-2a27-49b4-b586-e06f3e8ae5b4}\\\\\\\" Name=\\\\\\\"Preceptor_Verification_Date\\\\\\\" DisplayName=\\\\\\\"Preceptor_Verification_Date\\\\\\\" Required=\\\\\\\"FALSE\\\\\\\" Format=\\\\\\\"DateOnly\\\\\\\" />\\\",\\\"<FieldRef ID=\\\\\\\"{12b82824-7478-4a0a-9505-cac14cb1e9f0}\\\\\\\" Name=\\\\\\\"Post_Assessment_Date\\\\\\\" Required=\\\\\\\"FALSE\\\\\\\" />\\\",\\\"<FieldRef ID=\\\\\\\"{60a46161-db31-4913-ab1f-256177d1a74a}\\\\\\\" Name=\\\\\\\"Skill\\\\\\\" DisplayName=\\\\\\\"Skill\\\\\\\" Required=\\\\\\\"FALSE\\\\\\\" Hidden=\\\\\\\"FALSE\\\\\\\" ReadOnly=\\\\\\\"FALSE\\\\\\\" PITarget=\\\\\\\"\\\\\\\" PrimaryPITarget=\\\\\\\"\\\\\\\" PIAttribute=\\\\\\\"\\\\\\\" PrimaryPIAttribute=\\\\\\\"\\\\\\\" Aggregation=\\\\\\\"\\\\\\\" Node=\\\\\\\"\\\\\\\" />\\\",\\\"<FieldRef ID=\\\\\\\"{3cc1f05e-0f95-4920-ae37-031790d94018}\\\\\\\" Name=\\\\\\\"Skill_x003a_Title\\\\\\\" DisplayName=\\\\\\\"Skill:Title\\\\\\\" Required=\\\\\\\"FALSE\\\\\\\" Hidden=\\\\\\\"FALSE\\\\\\\" ReadOnly=\\\\\\\"TRUE\\\\\\\" PITarget=\\\\\\\"\\\\\\\" PrimaryPITarget=\\\\\\\"\\\\\\\" PIAttribute=\\\\\\\"\\\\\\\" PrimaryPIAttribute=\\\\\\\"\\\\\\\" Aggregation=\\\\\\\"\\\\\\\" Node=\\\\\\\"\\\\\\\" />\\\",\\\"<FieldRef ID=\\\\\\\"{ddcd7709-519e-491f-985e-6d988a3ec590}\\\\\\\" Name=\\\\\\\"Skill_x003a_Group\\\\\\\" DisplayName=\\\\\\\"Skill:Group\\\\\\\" Required=\\\\\\\"FALSE\\\\\\\" Hidden=\\\\\\\"FALSE\\\\\\\" ReadOnly=\\\\\\\"TRUE\\\\\\\" PITarget=\\\\\\\"\\\\\\\" PrimaryPITarget=\\\\\\\"\\\\\\\" PIAttribute=\\\\\\\"\\\\\\\" PrimaryPIAttribute=\\\\\\\"\\\\\\\" Aggregation=\\\\\\\"\\\\\\\" Node=\\\\\\\"\\\\\\\" />\\\",\\\"<FieldRef ID=\\\\\\\"{c75cde15-af27-4b31-9261-3a12af11d07d}\\\\\\\" Name=\\\\\\\"EmployeeList_ID_x003a_ID\\\\\\\" DisplayName=\\\\\\\"EmployeeList_ID:ID\\\\\\\" ReadOnly=\\\\\\\"TRUE\\\\\\\" />\\\",\\\"<FieldRef ID=\\\\\\\"{ef10734d-4cbb-41cb-b08d-9a339e923aac}\\\\\\\" Name=\\\\\\\"SkillGroupTxt\\\\\\\" Required=\\\\\\\"FALSE\\\\\\\" />\\\",\\\"<FieldRef ID=\\\\\\\"{52d70d1e-9465-4241-b0e7-a94153019cd5}\\\\\\\" Name=\\\\\\\"Preceptor_Initial_Name_Lookup\\\\\\\" Required=\\\\\\\"FALSE\\\\\\\" />\\\",\\\"<FieldRef ID=\\\\\\\"{138207c2-0fd2-44c9-a88c-ae6669fddc92}\\\\\\\" Name=\\\\\\\"Preceptor_Verificationl_Name_Loo\\\\\\\" DisplayName=\\\\\\\"Preceptor_Verificationl_Name_Lookup\\\\\\\" Required=\\\\\\\"FALSE\\\\\\\" />\\\",\\\"<FieldRef ID=\\\\\\\"{0521109e-af64-461e-a9af-308f724856a4}\\\\\\\" Name=\\\\\\\"Skill_x003a_Training_Materials\\\\\\\" DisplayName=\\\\\\\"Skill:Training_Materials\\\\\\\" Required=\\\\\\\"FALSE\\\\\\\" Hidden=\\\\\\\"FALSE\\\\\\\" ReadOnly=\\\\\\\"TRUE\\\\\\\" PITarget=\\\\\\\"\\\\\\\" PrimaryPITarget=\\\\\\\"\\\\\\\" PIAttribute=\\\\\\\"\\\\\\\" PrimaryPIAttribute=\\\\\\\"\\\\\\\" Aggregation=\\\\\\\"\\\\\\\" Node=\\\\\\\"\\\\\\\" />\\\",\\\"<FieldRef ID=\\\\\\\"{3e84f5dd-02aa-49d4-99a1-a4b34a7055b2}\\\\\\\" Name=\\\\\\\"Preceptor_Verification_MultiMOV\\\\\\\" DisplayName=\\\\\\\"Preceptor_Verification_MultiMOV\\\\\\\" Required=\\\\\\\"FALSE\\\\\\\" />\\\",\\\"<FieldRef ID=\\\\\\\"{da969459-1dfe-470b-9aa8-44f09f2fe804}\\\\\\\" Name=\\\\\\\"SkillTitleText\\\\\\\" Required=\\\\\\\"FALSE\\\\\\\" />\\\",\\\"<FieldRef ID=\\\\\\\"{363baec2-7d11-4254-98dc-dba8bdb90572}\\\\\\\" Name=\\\\\\\"Skill_x003a_Policy_Link\\\\\\\" DisplayName=\\\\\\\"Skill:Policy_Link\\\\\\\" ReadOnly=\\\\\\\"TRUE\\\\\\\" />\\\"]},{\\\"verb\\\":\\\"addContentType\\\",\\\"name\\\":\\\"Folder\\\",\\\"id\\\":\\\"0x0120\\\"},{\\\"verb\\\":\\\"addSPView\\\",\\\"name\\\":\\\"All Items\\\",\\\"viewFields\\\":[\\\"LinkTitle\\\",\\\"EmployeeList_ID\\\",\\\"Initial_Assessment\\\",\\\"Post_Assessment\\\",\\\"Preceptor_Initial_Name_Lookup\\\",\\\"Preceptor_Initial_Date\\\",\\\"Preceptor_Verificationl_Name_Loo\\\",\\\"Preceptor_Verification_Date\\\",\\\"Post_Assessment_Date\\\",\\\"Skill\\\",\\\"Skill_x003a_Title\\\",\\\"Skill_x003a_Group\\\",\\\"EmployeeList_ID_x003a_ID\\\",\\\"SkillGroupTxt\\\",\\\"Skill_x003a_Training_Materials\\\",\\\"Preceptor_Verification_MultiMOV\\\",\\\"SkillTitleText\\\",\\\"Skill_x003a_Policy_Link\\\"],\\\"query\\\":\\\"\\\",\\\"rowLimit\\\":2000,\\\"isPaged\\\":true,\\\"makeDefault\\\":true,\\\"replaceViewFields\\\":true}]}]}\"}"
              }
            ]
          }
        },
        "Create_Assessment_Types": {
          "runAfter": {
            "Skill_Assignment": [
              "Succeeded"
            ]
          },
          "metadata": {
            "operationMetadataId": "3ae612b4-c910-4325-ae23-efc0065ba808"
          },
          "type": "OpenApiConnection",
          "inputs": {
            "host": {
              "connectionName": "shared_sharepointonline_1",
              "operationId": "HttpRequest",
              "apiId": "/providers/Microsoft.PowerApps/apis/shared_sharepointonline"
            },
            "parameters": {
              "dataset": "@variables('TargetSharePointSite')",
              "parameters/method": "POST",
              "parameters/uri": "_api/Microsoft.Sharepoint.Utilities.WebTemplateExtensions.SiteScriptUtility.ExecuteTemplateScript()",
              "parameters/headers": {
                "accept": "application/json;odata=verbose",
                "content-type": "application/json;odata=verbose"
              },
              "parameters/body": "@variables('Assessment_Types')"
            },
            "authentication": {
              "type": "Raw",
              "value": "@json(decodeBase64(triggerOutputs().headers['X-MS-APIM-Tokens']))['$ConnectionKey']"
            }
          }
        },
        "Delay": {
          "runAfter": {
            "Create_Assessment_Types": [
              "Succeeded"
            ]
          },
          "metadata": {
            "operationMetadataId": "473b5cfa-c2f6-4999-8987-86cece557173"
          },
          "type": "Wait",
          "inputs": {
            "interval": {
              "count": 30,
              "unit": "Second"
            }
          }
        },
        "Create_Skills_List": {
          "runAfter": {
            "Delay": [
              "Succeeded"
            ]
          },
          "metadata": {
            "operationMetadataId": "443115d6-8309-4b98-9739-136b4763aefa"
          },
          "type": "OpenApiConnection",
          "inputs": {
            "host": {
              "connectionName": "shared_sharepointonline_1",
              "operationId": "HttpRequest",
              "apiId": "/providers/Microsoft.PowerApps/apis/shared_sharepointonline"
            },
            "parameters": {
              "dataset": "@variables('TargetSharePointSite')",
              "parameters/method": "POST",
              "parameters/uri": "_api/Microsoft.Sharepoint.Utilities.WebTemplateExtensions.SiteScriptUtility.ExecuteTemplateScript()",
              "parameters/headers": {
                "accept": "application/json;odata=verbose",
                "content-type": "application/json;odata=verbose"
              },
              "parameters/body": "@variables('Skills_List')"
            },
            "authentication": {
              "type": "Raw",
              "value": "@json(decodeBase64(triggerOutputs().headers['X-MS-APIM-Tokens']))['$ConnectionKey']"
            }
          }
        },
        "Delay_2": {
          "runAfter": {
            "Create_Skills_List": [
              "Succeeded"
            ]
          },
          "metadata": {
            "operationMetadataId": "473b5cfa-c2f6-4999-8987-86cece557173"
          },
          "type": "Wait",
          "inputs": {
            "interval": {
              "count": 30,
              "unit": "Second"
            }
          }
        },
        "Create_Students": {
          "runAfter": {
            "Delay_2": [
              "Succeeded"
            ]
          },
          "metadata": {
            "operationMetadataId": "cf985efe-b598-4d14-8021-2573ff49521d"
          },
          "type": "OpenApiConnection",
          "inputs": {
            "host": {
              "connectionName": "shared_sharepointonline_1",
              "operationId": "HttpRequest",
              "apiId": "/providers/Microsoft.PowerApps/apis/shared_sharepointonline"
            },
            "parameters": {
              "dataset": "@variables('TargetSharePointSite')",
              "parameters/method": "POST",
              "parameters/uri": "_api/Microsoft.Sharepoint.Utilities.WebTemplateExtensions.SiteScriptUtility.ExecuteTemplateScript()",
              "parameters/headers": {
                "accept": "application/json;odata=verbose",
                "content-type": "application/json;odata=verbose"
              },
              "parameters/body": "@variables('Students')"
            },
            "authentication": {
              "type": "Raw",
              "value": "@json(decodeBase64(triggerOutputs().headers['X-MS-APIM-Tokens']))['$ConnectionKey']"
            }
          }
        },
        "Delay_3": {
          "runAfter": {
            "Create_Students": [
              "Succeeded"
            ]
          },
          "metadata": {
            "operationMetadataId": "473b5cfa-c2f6-4999-8987-86cece557173"
          },
          "type": "Wait",
          "inputs": {
            "interval": {
              "count": 30,
              "unit": "Second"
            }
          }
        },
        "Create_Learning_Tracker": {
          "runAfter": {
            "Delay_3": [
              "Succeeded"
            ]
          },
          "metadata": {
            "operationMetadataId": "eacc36aa-0b6e-4d7a-8ed0-8c6a8a5684e8"
          },
          "type": "OpenApiConnection",
          "inputs": {
            "host": {
              "connectionName": "shared_sharepointonline_1",
              "operationId": "HttpRequest",
              "apiId": "/providers/Microsoft.PowerApps/apis/shared_sharepointonline"
            },
            "parameters": {
              "dataset": "@variables('TargetSharePointSite')",
              "parameters/method": "POST",
              "parameters/uri": "_api/Microsoft.Sharepoint.Utilities.WebTemplateExtensions.SiteScriptUtility.ExecuteTemplateScript()",
              "parameters/headers": {
                "accept": "application/json;odata=verbose",
                "content-type": "application/json;odata=verbose"
              },
              "parameters/body": "@variables('Learning_Tracker')"
            },
            "authentication": {
              "type": "Raw",
              "value": "@json(decodeBase64(triggerOutputs().headers['X-MS-APIM-Tokens']))['$ConnectionKey']"
            }
          }
        },
        "Delay_4": {
          "runAfter": {
            "Create_Learning_Tracker": [
              "Succeeded"
            ]
          },
          "metadata": {
            "operationMetadataId": "473b5cfa-c2f6-4999-8987-86cece557173"
          },
          "type": "Wait",
          "inputs": {
            "interval": {
              "count": 30,
              "unit": "Second"
            }
          }
        },
        "Create_Skill_Assignment": {
          "runAfter": {
            "Delay_4": [
              "Succeeded"
            ]
          },
          "metadata": {
            "operationMetadataId": "980fd852-e6fe-466b-9dbf-a19c374626d6"
          },
          "type": "OpenApiConnection",
          "inputs": {
            "host": {
              "connectionName": "shared_sharepointonline_1",
              "operationId": "HttpRequest",
              "apiId": "/providers/Microsoft.PowerApps/apis/shared_sharepointonline"
            },
            "parameters": {
              "dataset": "@variables('TargetSharePointSite')",
              "parameters/method": "POST",
              "parameters/uri": "_api/Microsoft.Sharepoint.Utilities.WebTemplateExtensions.SiteScriptUtility.ExecuteTemplateScript()",
              "parameters/headers": {
                "accept": "application/json;odata=verbose",
                "content-type": "application/json;odata=verbose"
              },
              "parameters/body": "@variables('Sill_Assignment')"
            },
            "authentication": {
              "type": "Raw",
              "value": "@json(decodeBase64(triggerOutputs().headers['X-MS-APIM-Tokens']))['$ConnectionKey']"
            }
          }
        }
      }
    },
    "templateName": ""
  },
  "schemaVersion": "1.0.0.0"
}