<ImportExportXml xmlns:xsi="http://www.w3.org/2001/XMLSchema-instance">
  <Entities></Entities>
  <Roles></Roles>
  <Workflows>
    <Workflow WorkflowId="{3d5fb694-5413-ed11-b83d-000d3a9c4dfb}" Name="Proficiency_Tracker_StudentAdded_AddSkills">
      <JsonFileName>/Workflows/Proficiency_Tracker_StudentAdded_AddSkills-3D5FB694-5413-ED11-B83D-000D3A9C4DFB.json</JsonFileName>
      <Type>1</Type>
      <Subprocess>0</Subprocess>
      <Category>5</Category>
      <Mode>0</Mode>
      <Scope>4</Scope>
      <OnDemand>0</OnDemand>
      <TriggerOnCreate>0</TriggerOnCreate>
      <TriggerOnDelete>0</TriggerOnDelete>
      <AsyncAutodelete>0</AsyncAutodelete>
      <SyncWorkflowLogOnFailure>0</SyncWorkflowLogOnFailure>
      <StateCode>1</StateCode>
      <StatusCode>2</StatusCode>
      <RunAs>1</RunAs>
      <IsTransacted>1</IsTransacted>
      <IntroducedVersion>1.0.0.1</IntroducedVersion>
      <IsCustomizable>1</IsCustomizable>
      <IsCustomProcessingStepAllowedForOtherPublishers>1</IsCustomProcessingStepAllowedForOtherPublishers>
      <PrimaryEntity>none</PrimaryEntity>
      <LocalizedNames>
        <LocalizedName languagecode="1033" description="Proficiency_Tracker_StudentAdded_AddSkills" />
      </LocalizedNames>
    </Workflow>
    <Workflow WorkflowId="{53c876dc-ee77-ed11-81ab-00224820bf19}" Name="Proficiency_Tracker_SharpointList_PostSetup">
      <JsonFileName>/Workflows/Proficiency_Tracker_SharpointList_PostSetup-53C876DC-EE77-ED11-81AB-00224820BF19.json</JsonFileName>
      <Type>1</Type>
      <Subprocess>0</Subprocess>
      <Category>5</Category>
      <Mode>0</Mode>
      <Scope>4</Scope>
      <OnDemand>0</OnDemand>
      <TriggerOnCreate>0</TriggerOnCreate>
      <TriggerOnDelete>0</TriggerOnDelete>
      <AsyncAutodelete>0</AsyncAutodelete>
      <SyncWorkflowLogOnFailure>0</SyncWorkflowLogOnFailure>
      <StateCode>1</StateCode>
      <StatusCode>2</StatusCode>
      <RunAs>1</RunAs>
      <IsTransacted>1</IsTransacted>
      <IntroducedVersion>3.0.1.2</IntroducedVersion>
      <IsCustomizable>1</IsCustomizable>
      <BusinessProcessType>0</BusinessProcessType>
      <IsCustomProcessingStepAllowedForOtherPublishers>1</IsCustomProcessingStepAllowedForOtherPublishers>
      <PrimaryEntity>none</PrimaryEntity>
      <LocalizedNames>
        <LocalizedName languagecode="1033" description="Proficiency_Tracker_SharpointList_PostSetup" />
      </LocalizedNames>
    </Workflow>
    <Workflow WorkflowId="{8d16f89b-b666-ed11-9562-00224820bf19}" Name="Proficiency_Tracker_SharePoint_Setup">
      <JsonFileName>/Workflows/Proficiency_Tracker_SharePoint_Setup-8D16F89B-B666-ED11-9562-00224820BF19.json</JsonFileName>
      <Type>1</Type>
      <Subprocess>0</Subprocess>
      <Category>5</Category>
      <Mode>0</Mode>
      <Scope>4</Scope>
      <OnDemand>0</OnDemand>
      <TriggerOnCreate>0</TriggerOnCreate>
      <TriggerOnDelete>0</TriggerOnDelete>
      <AsyncAutodelete>0</AsyncAutodelete>
      <SyncWorkflowLogOnFailure>0</SyncWorkflowLogOnFailure>
      <StateCode>1</StateCode>
      <StatusCode>2</StatusCode>
      <RunAs>1</RunAs>
      <IsTransacted>1</IsTransacted>
      <IntroducedVersion>3.0.1.0</IntroducedVersion>
      <IsCustomizable>1</IsCustomizable>
      <IsCustomProcessingStepAllowedForOtherPublishers>1</IsCustomProcessingStepAllowedForOtherPublishers>
      <PrimaryEntity>none</PrimaryEntity>
      <LocalizedNames>
        <LocalizedName languagecode="1033" description="Proficiency_Tracker_SharePoint_Setup" />
      </LocalizedNames>
    </Workflow>
  </Workflows>
  <FieldSecurityProfiles></FieldSecurityProfiles>
  <Templates />
  <EntityMaps />
  <EntityRelationships />
  <OrganizationSettings />
  <optionsets />
  <CustomControls />
  <EntityDataProviders />
  <CanvasApps>
    <CanvasApp>
      <Name>new_proficiencytracker_99d8e</Name>
      <AppVersion>2023-09-13T18:08:10Z</AppVersion>
      <Status>Ready</Status>
      <CreatedByClientVersion>3.23092.4.0</CreatedByClientVersion>
      <MinClientVersion>3.23092.4.0</MinClientVersion>
      <Tags>{"primaryDeviceWidth":"640","primaryDeviceHeight":"1136","supportsPortrait":"true","supportsLandscape":"true","primaryFormFactor":"Phone","publisherVersion":"3.23092.4","minimumRequiredApiVersion":"2.2.0","hasComponent":"false","hasUnlockedComponent":"false","isUnifiedRootApp":"false","sienaVersion":"20230912T201550Z-3.23084.14.0","showStatusBar":"false"}</Tags>
      <IsCdsUpgraded>0</IsCdsUpgraded>
      <GalleryItemId xsi:nil="true"></GalleryItemId>
      <BackgroundColor>RGBA(0,176,240,1)</BackgroundColor>
      <DisplayName>Proficiency Tracker</DisplayName>
      <Description xsi:nil="true"></Description>
      <CommitMessage xsi:nil="true"></CommitMessage>
      <Publisher></Publisher>
      <AuthorizationReferences>[]</AuthorizationReferences>
      <ConnectionReferences>{"9b0afa30-5c3f-4155-bc18-38d0e3f38caf":{"id":"/providers/microsoft.powerapps/apis/shared_office365groups","displayName":"Office 365 Groups","iconUri":"https://connectoricons-prod.azureedge.net/releases/v1.0.1654/1.0.1654.3410/office365groups/icon.png","dataSources":["Office365Groups"],"dependencies":[],"dependents":[],"parameterHints":{},"parameterHintsV2":{},"isOnPremiseConnection":false,"bypassConsent":false,"dataSets":{},"apiTier":"Standard","actions":["ListGroupMembers"]},"22d42a09-8f0f-4c8c-9ecb-ed5bbf68dcef":{"id":"/providers/microsoft.powerapps/apis/shared_office365users","displayName":"Office 365 Users","iconUri":"https://connectoricons-prod.azureedge.net/u/henryorsborn/partial-builds/asev3migrations-with-resourceTemplate/1.0.1653.3403/office365users/icon.png","dataSources":["Office365Users"],"dependencies":[],"dependents":[],"parameterHints":{},"parameterHintsV2":{},"isOnPremiseConnection":false,"bypassConsent":false,"dataSets":{},"apiTier":"Standard","actions":["MyProfile_V2"]},"7833a734-fbb1-4441-9386-91d8507359d9":{"id":"/providers/microsoft.powerapps/apis/shared_sharepointonline","displayName":"SharePoint","iconUri":"https://connectoricons-prod.azureedge.net/u/henryorsborn/partial-builds/asev3migrations-with-resourceTemplate/1.0.1653.3403/sharepointonline/icon.png","dataSources":["Learning Tracker","Skill Assignment","Skills List","Students"],"dependencies":[],"dependents":[],"parameterHints":{},"parameterHintsV2":{},"isOnPremiseConnection":false,"bypassConsent":false,"dataSets":{"https://contoso.sharepoint.com/teams/ClinicalEducation":{"datasetOverride":{"name":"https://contoso.sharepoint.com/teams/ClinicalEducation","environmentVariableName":"new_SharePointSite"},"dataSources":{"Learning Tracker":{"tableName":"11b161f9-1ef7-4d82-942d-485e5d6f2d7d","tableNameOverride":{"name":"11b161f9-1ef7-4d82-942d-485e5d6f2d7d","environmentVariableName":"new_shared_sharepointonline_860b6eafca8c4c18805c47489a099e6d"}},"Skill Assignment":{"tableName":"760211c2-07ae-46f3-a80f-0608441c3ece","tableNameOverride":{"name":"760211c2-07ae-46f3-a80f-0608441c3ece","environmentVariableName":"new_shared_sharepointonline_488b5b1c6f9843d3b54f1ce1d69dd914"}},"Skills List":{"tableName":"8ef9c342-2e18-41f7-8e72-a7b34193fe78","tableNameOverride":{"name":"8ef9c342-2e18-41f7-8e72-a7b34193fe78","environmentVariableName":"new_shared_sharepointonline_bc0be50e7ae243558447ceccf012ec7a"}},"Students":{"tableName":"ef7cb50c-ca43-4570-8589-f6a4acbf4a1c","tableNameOverride":{"name":"ef7cb50c-ca43-4570-8589-f6a4acbf4a1c","environmentVariableName":"new_shared_sharepointonline_48762fa76cd0405d86225b4657068bf3"}}}}},"apiTier":"Standard","actions":["providers/PowerPlatform.Governance/Operations/Read","providers/PowerPlatform.Governance/Operations/Write"]}}</ConnectionReferences>
      <DatabaseReferences>{}</DatabaseReferences>
      <AppComponents>[]</AppComponents>
      <AppComponentDependencies>[]</AppComponentDependencies>
      <CanConsumeAppPass>1</CanConsumeAppPass>
      <CanvasAppType>0</CanvasAppType>
      <BypassConsent>0</BypassConsent>
      <AdminControlBypassConsent>0</AdminControlBypassConsent>
      <EmbeddedApp xsi:nil="true"></EmbeddedApp>
      <IntroducedVersion>1.0</IntroducedVersion>
      <CdsDependencies>{"cdsdependencies":[{"logicalname":"new_SharePointSite","componenttype":380,"componenttypeplatformname":"EnvironmentVariableDefinition"},{"logicalname":"new_shared_sharepointonline_860b6eafca8c4c18805c47489a099e6d","componenttype":380,"componenttypeplatformname":"EnvironmentVariableDefinition"},{"logicalname":"new_shared_sharepointonline_488b5b1c6f9843d3b54f1ce1d69dd914","componenttype":380,"componenttypeplatformname":"EnvironmentVariableDefinition"},{"logicalname":"new_shared_sharepointonline_bc0be50e7ae243558447ceccf012ec7a","componenttype":380,"componenttypeplatformname":"EnvironmentVariableDefinition"},{"logicalname":"new_shared_sharepointonline_48762fa76cd0405d86225b4657068bf3","componenttype":380,"componenttypeplatformname":"EnvironmentVariableDefinition"}]}</CdsDependencies>
      <IsCustomizable>1</IsCustomizable>
      <BackgroundImageUri>/CanvasApps/new_proficiencytracker_99d8e_BackgroundImageUri</BackgroundImageUri>
      <DocumentUri>/CanvasApps/new_proficiencytracker_99d8e_DocumentUri.msapp</DocumentUri>
    </CanvasApp>
  </CanvasApps>
  <connectionreferences>
    <connectionreference connectionreferencelogicalname="new_sharedsharepointonline_7d00c">
      <connectionreferencedisplayname>Proficiency_Tracker_SharePoint_Connection</connectionreferencedisplayname>
      <connectorid>/providers/Microsoft.PowerApps/apis/shared_sharepointonline</connectorid>
      <description>Power Automate Add Connection to SP</description>
      <iscustomizable>1</iscustomizable>
      <statecode>0</statecode>
      <statuscode>1</statuscode>
    </connectionreference>
  </connectionreferences>
  <Languages>
    <Language>1033</Language>
  </Languages>
</ImportExportXml>