{
  "properties": {
    "connectionReferences": {
      "shared_sharepointonline": {
        "runtimeSource": "invoker",
        "connection": {
          "connectionReferenceLogicalName": "new_sharedsharepointonline_fc2d6"
        },
        "api": {
          "name": "shared_sharepointonline"
        }
      }
    },
    "definition": {
      "$schema": "https://schema.management.azure.com/providers/Microsoft.Logic/schemas/2016-06-01/workflowdefinition.json#",
      "contentVersion": "1.0.0.0",
      "parameters": {
        "$connections": {
          "defaultValue": {},
          "type": "Object"
        },
        "$authentication": {
          "defaultValue": {},
          "type": "SecureObject"
        },
        "SharePointSite (new_SharePointSite)": {
          "defaultValue": "https://contoso.sharepoint.com/teams/ClinicalEducation",
          "type": "String",
          "metadata": {
            "schemaName": "new_SharePointSite"
          }
        }
      },
      "triggers": {
        "manual": {
          "metadata": {
            "operationMetadataId": "44965131-6864-4c89-9c36-bdcd24cc4093"
          },
          "type": "Request",
          "kind": "Button",
          "inputs": {
            "schema": {
              "type": "object",
              "properties": {},
              "required": []
            }
          }
        }
      },
      "actions": {
        "Modify_Skill_Assignment_List_Properties": {
          "runAfter": {},
          "metadata": {
            "operationMetadataId": "b5e7dab6-ec7d-40dd-a7d3-f76e0930c03f"
          },
          "type": "OpenApiConnection",
          "inputs": {
            "host": {
              "connectionName": "shared_sharepointonline",
              "operationId": "HttpRequest",
              "apiId": "/providers/Microsoft.PowerApps/apis/shared_sharepointonline"
            },
            "parameters": {
              "dataset": "@parameters('SharePointSite (new_SharePointSite)')",
              "parameters/method": "POST",
              "parameters/uri": "/_api/web/lists/getByTitle('Skill Assignment')",
              "parameters/headers": {
                "X-HTTP-Method": "MERGE",
                "Accept": "application/json;odata=verbose",
                "Content-Type": "application/json;odata=verbose",
                "IF-MATCH": "*"
              },
              "parameters/body": "{'__metadata':\n\t{'type': 'SP.List'},\n\t'Hidden': true,\n\t'NoCrawl': true\n}"
            },
            "authentication": {
              "type": "Raw",
              "value": "@json(decodeBase64(triggerOutputs().headers['X-MS-APIM-Tokens']))['$ConnectionKey']"
            }
          }
        },
        "Modify_Student_List_Properties": {
          "runAfter": {
            "Modify_Skill_Assignment_List_Properties": [
              "Succeeded"
            ]
          },
          "metadata": {
            "operationMetadataId": "b5e7dab6-ec7d-40dd-a7d3-f76e0930c03f"
          },
          "type": "OpenApiConnection",
          "inputs": {
            "host": {
              "connectionName": "shared_sharepointonline",
              "operationId": "HttpRequest",
              "apiId": "/providers/Microsoft.PowerApps/apis/shared_sharepointonline"
            },
            "parameters": {
              "dataset": "@parameters('SharePointSite (new_SharePointSite)')",
              "parameters/method": "POST",
              "parameters/uri": "/_api/web/lists/getByTitle('Students')",
              "parameters/headers": {
                "X-HTTP-Method": "MERGE",
                "Accept": "application/json;odata=verbose",
                "Content-Type": "application/json;odata=verbose",
                "IF-MATCH": "*"
              },
              "parameters/body": "{'__metadata':\n\t{'type': 'SP.List'},\n\t'NoCrawl': true\n}"
            },
            "authentication": {
              "type": "Raw",
              "value": "@json(decodeBase64(triggerOutputs().headers['X-MS-APIM-Tokens']))['$ConnectionKey']"
            }
          }
        }
      }
    },
    "templateName": ""
  },
  "schemaVersion": "1.0.0.0"
}